image_path,label,labeled_by,labeled_at
2026-09-27/092944_335662_motion.jpg,empty,John,2026-10-01T12:08:12.883672-04:00
2026-09-27/093841_889782_periodic.jpg,empty,John,2026-10-01T12:08:13.856069-04:00
2026-09-27/093842_655989_motion.jpg,empty,John,2026-10-01T12:08:14.576143-04:00
2026-09-27/094841_916826_periodic.jpg,empty,John,2026-10-01T12:08:15.570475-04:00
2026-09-27/095143_834347_motion.jpg,empty,John,2026-10-01T12:08:16.583121-04:00
2026-09-27/095841_945380_periodic.jpg,empty,John,2026-10-01T12:08:17.248261-04:00
2026-09-27/100841_975908_periodic.jpg,empty,John,2026-10-01T12:08:17.797810-04:00
2026-09-27/101842_006332_periodic.jpg,empty,John,2026-10-01T12:08:18.345585-04:00
2026-09-27/102842_037320_periodic.jpg,empty,John,2026-10-01T12:08:18.894103-04:00
2026-09-27/103842_067452_periodic.jpg,empty,John,2026-10-01T12:08:19.462448-04:00
2026-09-27/104842_099147_periodic.jpg,empty,John,2026-10-01T12:08:22.408402-04:00
2026-09-27/105607_465862_motion.jpg,empty,John,2026-10-01T12:08:22.972138-04:00
2026-09-27/105609_498831_motion.jpg,empty,John,2026-10-01T12:08:23.964071-04:00
2026-09-27/105613_529932_motion.jpg,empty,John,2026-10-01T12:08:24.526749-04:00
2026-09-27/105647_114998_motion.jpg,empty,John,2026-10-01T12:08:25.650904-04:00
2026-09-27/105649_147159_motion.jpg,empty,John,2026-10-01T12:08:26.683739-04:00
2026-09-27/105658_942765_motion.jpg,empty,John,2026-10-01T12:08:27.982964-04:00
2026-09-27/105700_975403_motion.jpg,black_patch_cat,John,2026-10-01T12:08:30.347932-04:00
2026-09-27/105703_007722_motion.jpg,black_patch_cat,John,2026-10-01T12:08:31.127344-04:00
2026-09-27/105705_040224_motion.jpg,black_patch_cat,John,2026-10-01T12:08:31.862014-04:00
2026-09-27/105710_537701_motion.jpg,black_patch_cat,John,2026-10-01T12:08:32.418900-04:00
2026-09-27/105712_569996_motion.jpg,black_patch_cat,John,2026-10-01T12:08:32.998102-04:00
2026-09-27/105716_101815_motion.jpg,black_patch_cat,John,2026-10-01T12:08:33.554780-04:00
2026-09-27/105718_134400_motion.jpg,black_patch_cat,John,2026-10-01T12:08:34.645169-04:00
2026-09-27/105720_166693_motion.jpg,black_patch_cat,John,2026-10-01T12:08:35.267524-04:00
2026-09-27/105722_199152_motion.jpg,black_patch_cat,John,2026-10-01T12:08:36.337473-04:00
2026-09-27/105724_798012_motion.jpg,black_patch_cat,John,2026-10-01T12:08:37.005893-04:00
2026-09-27/105727_963342_motion.jpg,black_patch_cat,John,2026-10-01T12:08:37.651108-04:00
2026-09-27/105731_961480_motion.jpg,black_patch_cat,John,2026-10-01T12:08:38.520207-04:00
2026-09-27/105736_159436_motion.jpg,black_patch_cat,John,2026-10-01T12:08:39.165172-04:00
2026-09-27/105749_886622_motion.jpg,black_patch_cat,John,2026-10-01T12:08:39.744680-04:00
2026-09-27/105751_919108_motion.jpg,black_patch_cat,John,2026-10-01T12:08:40.412008-04:00
2026-09-27/105753_951653_motion.jpg,black_patch_cat,John,2026-10-01T12:08:41.013694-04:00
2026-09-27/105802_281105_motion.jpg,black_patch_cat,John,2026-10-01T12:08:41.992667-04:00
2026-09-27/105804_313624_motion.jpg,black_patch_cat,John,2026-10-01T12:08:43.127575-04:00
2026-09-27/105806_346158_motion.jpg,empty,John,2026-10-01T12:08:44.864911-04:00
2026-09-27/105842_129767_periodic.jpg,empty,John,2026-10-01T12:08:45.512401-04:00
2026-09-27/110049_106275_motion.jpg,empty,John,2026-10-01T12:08:46.048159-04:00
2026-09-27/110358_587994_motion.jpg,empty,John,2026-10-01T12:08:46.697775-04:00
2026-09-27/110402_319520_motion.jpg,empty,John,2026-10-01T12:08:47.253159-04:00
2026-09-27/110708_635921_motion.jpg,empty,John,2026-10-01T12:08:47.854286-04:00
2026-09-27/110710_668358_motion.jpg,empty,John,2026-10-01T12:08:48.543335-04:00
2026-09-27/110712_700783_motion.jpg,empty,John,2026-10-01T12:08:49.163423-04:00
2026-09-27/110815_972889_motion.jpg,empty,John,2026-10-01T12:08:49.735503-04:00
2026-09-27/110818_004889_motion.jpg,empty,John,2026-10-01T12:08:50.283990-04:00
2026-09-27/110820_037328_motion.jpg,orange_patch_cat,John,2026-10-01T12:08:52.877713-04:00
2026-09-27/110822_336372_motion.jpg,orange_patch_cat,John,2026-10-01T12:08:53.759738-04:00
2026-09-27/110824_368977_motion.jpg,orange_patch_cat,John,2026-10-01T12:08:54.528698-04:00
2026-09-27/110826_401190_motion.jpg,orange_patch_cat,John,2026-10-01T12:08:55.227147-04:00
2026-09-27/110832_599367_motion.jpg,empty,John,2026-10-01T12:08:57.771966-04:00
2026-09-27/110842_060825_motion.jpg,empty,John,2026-10-01T12:08:58.714671-04:00
2026-09-27/110842_160877_periodic.jpg,empty,John,2026-10-01T12:08:59.431836-04:00
2026-09-27/110858_253483_motion.jpg,empty,John,2026-10-01T12:09:00.306058-04:00
2026-09-27/110900_253843_motion.jpg,empty,John,2026-10-01T12:09:01.267643-04:00
2026-09-27/110902_286489_motion.jpg,empty,John,2026-10-01T12:09:02.228279-04:00
2026-09-27/111705_968093_motion.jpg,empty,John,2026-10-01T12:09:02.809219-04:00
2026-09-27/111825_465223_motion.jpg,empty,John,2026-10-01T12:09:03.367137-04:00
2026-09-27/111842_191104_periodic.jpg,empty,John,2026-10-01T12:09:03.881475-04:00
2026-09-27/112558_361382_motion.jpg,empty,John,2026-10-01T12:09:04.393864-04:00
2026-09-27/112647_039413_motion.jpg,empty,John,2026-10-01T12:09:04.907690-04:00
2026-09-27/112816_999239_motion.jpg,empty,John,2026-10-01T12:09:06.379430-04:00
2026-09-27/112819_032161_motion.jpg,empty,John,2026-10-01T12:09:07.137473-04:00
2026-09-27/112842_221401_periodic.jpg,empty,John,2026-10-01T12:09:07.806040-04:00
2026-09-27/112856_481253_motion.jpg,empty,John,2026-10-01T12:09:08.407644-04:00
2026-09-27/113235_083017_motion.jpg,empty,John,2026-10-01T12:09:08.964290-04:00
2026-09-27/113252_708883_motion.jpg,empty,John,2026-10-01T12:09:09.587083-04:00
2026-09-27/113403_077322_motion.jpg,empty,John,2026-10-01T12:09:10.099265-04:00
2026-09-27/113433_329965_motion.jpg,empty,John,2026-10-01T12:09:10.633502-04:00
2026-09-27/113454_587273_motion.jpg,empty,John,2026-10-01T12:09:11.590730-04:00
2026-09-27/113456_619710_motion.jpg,empty,John,2026-10-01T12:09:12.369700-04:00
2026-09-27/113516_244609_motion.jpg,empty,John,2026-10-01T12:09:13.036956-04:00
2026-09-27/113518_276651_motion.jpg,empty,John,2026-10-01T12:09:13.904177-04:00
2026-09-27/113520_309063_motion.jpg,empty,John,2026-10-01T12:09:14.571275-04:00
2026-09-27/113544_597942_motion.jpg,empty,John,2026-10-01T12:09:15.350861-04:00
2026-09-27/113546_630997_motion.jpg,empty,John,2026-10-01T12:09:16.018438-04:00
2026-09-27/113549_062632_motion.jpg,empty,John,2026-10-01T12:09:16.642426-04:00
2026-09-27/113554_593513_motion.jpg,empty,John,2026-10-01T12:09:17.265380-04:00
2026-09-27/113556_626525_motion.jpg,empty,John,2026-10-01T12:09:18.140849-04:00
2026-09-27/113604_255914_motion.jpg,empty,John,2026-10-01T12:09:18.723370-04:00
2026-09-27/113606_288325_motion.jpg,empty,John,2026-10-01T12:09:19.328621-04:00
2026-09-27/113608_320355_motion.jpg,empty,John,2026-10-01T12:09:19.931626-04:00
2026-09-27/113709_826226_motion.jpg,empty,John,2026-10-01T12:09:20.485117-04:00
2026-09-27/113711_858976_motion.jpg,empty,John,2026-10-01T12:09:21.039419-04:00
2026-09-27/113842_251345_periodic.jpg,empty,John,2026-10-01T12:09:21.544583-04:00
2026-09-27/114114_916367_motion.jpg,empty,John,2026-10-01T12:09:22.095689-04:00
2026-09-27/114116_948861_motion.jpg,empty,John,2026-10-01T12:09:22.621574-04:00
2026-09-27/114121_746421_motion.jpg,empty,John,2026-10-01T12:09:23.329633-04:00
2026-09-27/114126_577683_motion.jpg,empty,John,2026-10-01T12:09:24.287220-04:00
2026-09-27/114128_610009_motion.jpg,empty,John,2026-10-01T12:09:24.786640-04:00
2026-09-27/114132_608358_motion.jpg,empty,John,2026-10-01T12:09:25.354596-04:00
2026-09-27/114153_932113_motion.jpg,empty,John,2026-10-01T12:09:25.876595-04:00
2026-09-27/114155_965016_motion.jpg,empty,John,2026-10-01T12:09:26.419427-04:00
2026-09-27/114157_997331_motion.jpg,empty,John,2026-10-01T12:09:26.894106-04:00
2026-09-27/114422_799088_motion.jpg,empty,John,2026-10-01T12:09:27.390937-04:00
2026-09-27/114425_198012_motion.jpg,empty,John,2026-10-01T12:09:27.865534-04:00
2026-09-27/114434_726673_motion.jpg,empty,John,2026-10-01T12:09:28.339141-04:00
2026-09-27/114436_758967_motion.jpg,empty,John,2026-10-01T12:09:28.834667-04:00
2026-09-27/114548_393268_motion.jpg,empty,John,2026-10-01T12:09:29.329477-04:00
2026-09-27/114550_425679_motion.jpg,empty,John,2026-10-01T12:09:29.802559-04:00
2026-09-27/114648_399697_motion.jpg,empty,John,2026-10-01T12:09:30.319637-04:00
2026-09-27/114650_432110_motion.jpg,empty,John,2026-10-01T12:09:30.814254-04:00
2026-09-27/114709_257025_motion.jpg,empty,John,2026-10-01T12:09:31.263840-04:00
2026-09-27/114711_289438_motion.jpg,empty,John,2026-10-01T12:09:31.779708-04:00
2026-09-27/114842_282579_periodic.jpg,empty,John,2026-10-01T12:09:32.228247-04:00
2026-09-27/114849_712080_motion.jpg,empty,John,2026-10-01T12:09:32.720737-04:00
2026-09-27/114851_744617_motion.jpg,empty,John,2026-10-01T12:09:33.147571-04:00
2026-09-27/114912_901370_motion.jpg,empty,John,2026-10-01T12:09:33.616802-04:00
2026-09-27/114914_934026_motion.jpg,empty,John,2026-10-01T12:09:34.064409-04:00
2026-09-27/115112_948291_motion.jpg,empty,John,2026-10-01T12:09:34.535083-04:00
2026-09-27/115114_948395_motion.jpg,empty,John,2026-10-01T12:09:35.005032-04:00
2026-09-27/115214_321957_motion.jpg,empty,John,2026-10-01T12:09:35.452451-04:00
2026-09-27/115216_353413_motion.jpg,empty,John,2026-10-01T12:09:35.899502-04:00
2026-09-27/115218_386145_motion.jpg,empty,John,2026-10-01T12:09:36.345818-04:00
2026-09-27/115229_614166_motion.jpg,empty,John,2026-10-01T12:09:36.837513-04:00
2026-09-27/115310_763094_motion.jpg,empty,John,2026-10-01T12:09:37.284682-04:00
2026-09-27/115312_795102_motion.jpg,empty,John,2026-10-01T12:09:37.753024-04:00
2026-09-27/115653_963598_motion.jpg,empty,John,2026-10-01T12:09:38.245243-04:00
2026-09-27/115842_315304_periodic.jpg,empty,John,2026-10-01T12:09:38.646863-04:00
2026-09-27/120842_347557_periodic.jpg,empty,John,2026-10-01T12:09:39.115874-04:00
2026-09-27/121842_378273_periodic.jpg,empty,John,2026-10-01T12:09:39.561457-04:00
2026-09-27/122842_409716_periodic.jpg,empty,John,2026-10-01T12:09:40.007501-04:00
2026-09-27/123842_440397_periodic.jpg,empty,John,2026-10-01T12:09:40.498151-04:00
2026-09-27/124629_297428_motion.jpg,empty,John,2026-10-01T12:09:40.988997-04:00
2026-09-27/124842_471861_periodic.jpg,empty,John,2026-10-01T12:09:41.479148-04:00
2026-09-27/125842_501994_periodic.jpg,empty,John,2026-10-01T12:09:41.969755-04:00
2026-09-27/130842_532259_periodic.jpg,empty,John,2026-10-01T12:09:42.460189-04:00
2026-09-27/131842_562101_periodic.jpg,empty,John,2026-10-01T12:09:42.950553-04:00
2026-09-27/132842_592854_periodic.jpg,empty,John,2026-10-01T12:09:43.395704-04:00
2026-09-27/133203_802265_motion.jpg,empty,John,2026-10-01T12:09:43.908164-04:00
2026-09-27/133205_834646_motion.jpg,empty,John,2026-10-01T12:09:44.398128-04:00
2026-09-27/133842_623361_periodic.jpg,empty,John,2026-10-01T12:09:45.088514-04:00
2026-09-27/134842_655051_periodic.jpg,empty,John,2026-10-01T12:09:45.556629-04:00
2026-09-27/135314_499002_motion.jpg,empty,John,2026-10-01T12:09:46.023839-04:00
2026-09-27/135842_684762_periodic.jpg,empty,John,2026-10-01T12:09:46.469262-04:00
2026-09-27/140318_861605_motion.jpg,empty,John,2026-10-01T12:09:46.914625-04:00
2026-09-27/140320_893865_motion.jpg,empty,John,2026-10-01T12:09:47.382040-04:00
2026-09-27/140842_716608_periodic.jpg,empty,John,2026-10-01T12:09:47.983638-04:00
2026-09-27/141302_100522_motion.jpg,empty,John,2026-10-01T12:09:48.451056-04:00
2026-09-27/141313_595878_motion.jpg,empty,John,2026-10-01T12:09:49.163824-04:00
2026-09-27/141329_854527_motion.jpg,empty,John,2026-10-01T12:09:49.631238-04:00
2026-09-27/141331_887198_motion.jpg,empty,John,2026-10-01T12:09:50.172924-04:00
2026-09-27/141337_418025_motion.jpg,empty,John,2026-10-01T12:09:51.243415-04:00
2026-09-27/141439_323764_motion.jpg,empty,John,2026-10-01T12:09:52.214747-04:00
2026-09-27/141515_141268_motion.jpg,empty,John,2026-10-01T12:09:53.182783-04:00
2026-09-27/141519_238918_motion.jpg,empty,John,2026-10-01T12:09:53.641404-04:00
2026-09-27/141521_239385_motion.jpg,empty,John,2026-10-01T12:09:54.145307-04:00
2026-09-27/141532_733536_motion.jpg,empty,John,2026-10-01T12:09:54.579963-04:00
2026-09-27/141548_093818_motion.jpg,empty,John,2026-10-01T12:09:55.197042-04:00
2026-09-27/141555_222928_motion.jpg,empty,John,2026-10-01T12:09:55.675058-04:00
2026-09-27/141600_920441_motion.jpg,empty,John,2026-10-01T12:09:56.107565-04:00
2026-09-27/141842_747780_periodic.jpg,empty,John,2026-10-01T12:09:56.584452-04:00
2026-09-27/142011_874602_motion.jpg,empty,John,2026-10-01T12:09:57.038576-04:00
2026-09-27/142013_906997_motion.jpg,empty,John,2026-10-01T12:09:57.424044-04:00
2026-09-27/142018_605454_motion.jpg,empty,John,2026-10-01T12:09:57.854242-04:00
2026-09-27/142029_366893_motion.jpg,empty,John,2026-10-01T12:09:58.284355-04:00
2026-09-27/142031_399815_motion.jpg,empty,John,2026-10-01T12:09:58.737132-04:00
2026-09-27/142037_796877_motion.jpg,empty,John,2026-10-01T12:09:59.121191-04:00
2026-09-27/142116_012550_motion.jpg,empty,John,2026-10-01T12:09:59.527042-04:00
2026-09-27/142118_044984_motion.jpg,empty,John,2026-10-01T12:10:00.000214-04:00
2026-09-27/142120_077910_motion.jpg,empty,John,2026-10-01T12:10:00.519261-04:00
2026-09-27/142122_111229_motion.jpg,empty,John,2026-10-01T12:10:00.948218-04:00
2026-09-27/142134_204718_motion.jpg,empty,John,2026-10-01T12:10:01.375168-04:00
2026-09-27/142136_237226_motion.jpg,empty,John,2026-10-01T12:10:01.780014-04:00
2026-09-27/142140_968809_motion.jpg,empty,John,2026-10-01T12:10:02.228873-04:00
2026-09-27/142146_166476_motion.jpg,empty,John,2026-10-01T12:10:02.610956-04:00
2026-09-27/142225_348608_motion.jpg,empty,John,2026-10-01T12:10:03.060443-04:00
2026-09-27/142227_380682_motion.jpg,empty,John,2026-10-01T12:10:03.486225-04:00
2026-09-27/142243_573072_motion.jpg,empty,John,2026-10-01T12:10:03.912964-04:00
2026-09-27/142250_037316_motion.jpg,empty,John,2026-10-01T12:10:04.360509-04:00
2026-09-27/142330_485942_motion.jpg,empty,John,2026-10-01T12:10:04.719677-04:00
2026-09-27/142332_518857_motion.jpg,empty,John,2026-10-01T12:10:05.167825-04:00
2026-09-27/142335_517468_motion.jpg,empty,John,2026-10-01T12:10:05.593089-04:00
2026-09-27/142406_503349_motion.jpg,empty,John,2026-10-01T12:10:06.017959-04:00
2026-09-27/142414_965359_motion.jpg,empty,John,2026-10-01T12:10:06.487584-04:00
2026-09-27/142529_899805_motion.jpg,empty,John,2026-10-01T12:10:06.891024-04:00
2026-09-27/142531_931264_motion.jpg,empty,John,2026-10-01T12:10:07.315623-04:00
2026-09-27/142538_861948_motion.jpg,empty,John,2026-10-01T12:10:07.762919-04:00
2026-09-27/142615_245612_motion.jpg,empty,John,2026-10-01T12:10:08.209482-04:00
2026-09-27/142617_277549_motion.jpg,empty,John,2026-10-01T12:10:08.655834-04:00
2026-09-27/142631_004740_motion.jpg,empty,John,2026-10-01T12:10:09.214324-04:00
2026-09-27/142647_631181_motion.jpg,empty,John,2026-10-01T12:10:09.594353-04:00
2026-09-27/142649_663147_motion.jpg,empty,John,2026-10-01T12:10:10.017888-04:00
2026-09-27/142656_726658_motion.jpg,empty,John,2026-10-01T12:10:10.397328-04:00
2026-09-27/142838_414569_motion.jpg,empty,John,2026-10-01T12:10:10.776892-04:00
2026-09-27/142840_447032_motion.jpg,empty,John,2026-10-01T12:10:11.178860-04:00
2026-09-27/142842_779788_periodic.jpg,empty,John,2026-10-01T12:10:11.580806-04:00
2026-09-27/142843_412326_motion.jpg,empty,John,2026-10-01T12:10:11.957553-04:00
2026-09-27/142845_444869_motion.jpg,empty,John,2026-10-01T12:10:12.353883-04:00
2026-09-27/142843_412326_motion.jpg,empty,John,2026-10-01T12:10:16.095790-04:00
2026-09-27/142845_444869_motion.jpg,black_patch_cat,John,2026-10-01T12:10:18.764531-04:00
2026-09-27/142847_477266_motion.jpg,black_patch_cat,John,2026-10-01T12:10:19.320423-04:00
2026-09-27/142849_509866_motion.jpg,black_patch_cat,John,2026-10-01T12:10:21.437080-04:00
2026-09-27/142851_542147_motion.jpg,empty,John,2026-10-01T12:10:23.778633-04:00
2026-09-27/142929_258213_motion.jpg,empty,John,2026-10-01T12:10:24.536103-04:00
2026-09-27/142931_290733_motion.jpg,empty,John,2026-10-01T12:10:25.092563-04:00
2026-09-27/142933_323109_motion.jpg,empty,John,2026-10-01T12:10:25.670936-04:00
2026-09-27/142938_454115_motion.jpg,empty,John,2026-10-01T12:10:26.294299-04:00
2026-09-27/142951_281783_motion.jpg,empty,John,2026-10-01T12:10:26.872837-04:00
2026-09-27/142953_315511_motion.jpg,empty,John,2026-10-01T12:10:27.407152-04:00
2026-09-27/142955_348497_motion.jpg,empty,John,2026-10-01T12:10:27.942254-04:00
2026-09-27/143003_609728_motion.jpg,empty,John,2026-10-01T12:10:28.409479-04:00
2026-09-27/143011_839337_motion.jpg,empty,John,2026-10-01T12:10:28.876391-04:00
2026-09-27/143016_937386_motion.jpg,empty,John,2026-10-01T12:10:29.410182-04:00
2026-09-27/143025_533757_motion.jpg,empty,John,2026-10-01T12:10:29.877842-04:00
2026-09-27/143028_032138_motion.jpg,empty,John,2026-10-01T12:10:30.367009-04:00
2026-09-27/143053_421782_motion.jpg,empty,John,2026-10-01T12:10:30.879455-04:00
2026-09-27/143055_453528_motion.jpg,empty,John,2026-10-01T12:10:31.368909-04:00
2026-09-27/143106_647626_motion.jpg,empty,John,2026-10-01T12:10:31.925699-04:00
2026-09-27/143109_746459_motion.jpg,empty,John,2026-10-01T12:10:32.392226-04:00
2026-09-27/143131_736574_motion.jpg,empty,John,2026-10-01T12:10:32.927380-04:00
2026-09-27/143428_657252_motion.jpg,empty,John,2026-10-01T12:10:33.438123-04:00
2026-09-27/143430_689776_motion.jpg,empty,John,2026-10-01T12:10:33.839126-04:00
2026-09-27/143436_287230_motion.jpg,empty,John,2026-10-01T12:10:34.261572-04:00
2026-09-27/143438_287859_motion.jpg,empty,John,2026-10-01T12:10:34.662332-04:00
2026-09-27/143440_318977_motion.jpg,empty,John,2026-10-01T12:10:35.174267-04:00
2026-09-27/143449_249201_motion.jpg,empty,John,2026-10-01T12:10:35.665092-04:00
2026-09-27/143459_343666_motion.jpg,empty,John,2026-10-01T12:10:36.110292-04:00
2026-09-27/143501_343926_motion.jpg,empty,John,2026-10-01T12:10:36.531663-04:00
2026-09-27/143508_506345_motion.jpg,empty,John,2026-10-01T12:10:37.022231-04:00
2026-09-27/143510_539217_motion.jpg,empty,John,2026-10-01T12:10:37.444578-04:00
2026-09-27/143512_637853_motion.jpg,empty,John,2026-10-01T12:10:37.889568-04:00
2026-09-27/143556_118353_motion.jpg,empty,John,2026-10-01T12:10:38.379408-04:00
2026-09-27/143739_238658_motion.jpg,empty,John,2026-10-01T12:10:38.824923-04:00
2026-09-27/143741_271075_motion.jpg,empty,John,2026-10-01T12:10:39.314116-04:00
2026-09-27/143828_050040_motion.jpg,empty,John,2026-10-01T12:10:39.759204-04:00
2026-09-27/143830_582274_motion.jpg,empty,John,2026-10-01T12:10:40.226718-04:00
2026-09-27/143842_810263_periodic.jpg,empty,John,2026-10-01T12:10:40.671099-04:00
2026-09-27/143908_632150_motion.jpg,empty,John,2026-10-01T12:10:41.094440-04:00
2026-09-27/143958_809333_motion.jpg,empty,John,2026-10-01T12:10:41.472652-04:00
2026-09-27/144046_288037_motion.jpg,empty,John,2026-10-01T12:10:41.895821-04:00
2026-09-27/144048_320558_motion.jpg,empty,John,2026-10-01T12:10:42.273964-04:00
2026-09-27/144050_353013_motion.jpg,empty,John,2026-10-01T12:10:42.674852-04:00
2026-09-27/144551_184088_motion.jpg,empty,John,2026-10-01T12:10:43.029855-04:00
2026-09-27/144556_248494_motion.jpg,empty,John,2026-10-01T12:10:43.297108-04:00
2026-09-27/144558_281050_motion.jpg,empty,John,2026-10-01T12:10:43.898972-04:00
2026-09-27/144842_841020_periodic.jpg,empty,John,2026-10-01T12:10:44.209699-04:00
2026-09-27/144935_949787_motion.jpg,empty,John,2026-10-01T12:10:44.499556-04:00
2026-09-27/145028_626392_motion.jpg,empty,John,2026-10-01T12:10:44.699489-04:00
2026-09-27/145215_578390_motion.jpg,empty,John,2026-10-01T12:10:44.899450-04:00
2026-09-27/145402_829930_motion.jpg,empty,John,2026-10-01T12:10:45.099190-04:00
2026-09-27/145416_157256_motion.jpg,empty,John,2026-10-01T12:10:45.322013-04:00
2026-09-27/145419_489583_motion.jpg,empty,John,2026-10-01T12:10:45.544710-04:00
2026-09-27/145842_870847_periodic.jpg,empty,John,2026-10-01T12:10:45.678109-04:00
2026-09-27/145940_745388_motion.jpg,empty,John,2026-10-01T12:10:45.899956-04:00
2026-09-27/145942_777453_motion.jpg,empty,John,2026-10-01T12:10:46.100759-04:00
2026-09-27/145949_241142_motion.jpg,empty,John,2026-10-01T12:10:46.234035-04:00
2026-09-27/150300_022949_motion.jpg,empty,John,2026-10-01T12:10:46.456900-04:00
2026-09-27/150310_784002_motion.jpg,empty,John,2026-10-01T12:10:46.634356-04:00
2026-09-27/150349_034250_motion.jpg,empty,John,2026-10-01T12:10:46.813182-04:00
2026-09-27/150440_011389_motion.jpg,empty,John,2026-10-01T12:10:47.012765-04:00
2026-09-27/150547_513918_motion.jpg,empty,John,2026-10-01T12:10:47.190492-04:00
2026-09-27/150602_906779_motion.jpg,empty,John,2026-10-01T12:10:47.368397-04:00
2026-09-27/150604_938900_motion.jpg,empty,John,2026-10-01T12:10:47.568909-04:00
2026-09-27/150618_533254_motion.jpg,empty,John,2026-10-01T12:10:47.748041-04:00
2026-09-27/150652_018187_motion.jpg,empty,John,2026-10-01T12:10:47.925496-04:00
2026-09-27/150654_050834_motion.jpg,empty,John,2026-10-01T12:10:48.125579-04:00
2026-09-27/150818_945887_motion.jpg,empty,John,2026-10-01T12:10:48.302693-04:00
2026-09-27/150825_809628_motion.jpg,empty,John,2026-10-01T12:10:48.481430-04:00
2026-09-27/150842_902076_periodic.jpg,empty,John,2026-10-01T12:10:48.681635-04:00
2026-09-27/150901_926332_motion.jpg,empty,John,2026-10-01T12:10:48.859993-04:00
2026-09-27/150903_958864_motion.jpg,empty,John,2026-10-01T12:10:49.037574-04:00
2026-09-27/151143_387405_motion.jpg,empty,John,2026-10-01T12:10:49.215108-04:00
2026-09-27/151149_784511_motion.jpg,empty,John,2026-10-01T12:10:49.415705-04:00
2026-09-27/151343_899948_motion.jpg,empty,John,2026-10-01T12:10:49.660236-04:00
2026-09-27/151349_697295_motion.jpg,empty,John,2026-10-01T12:10:49.815796-04:00
2026-09-27/151458_599389_motion.jpg,empty,John,2026-10-01T12:10:50.016088-04:00
2026-09-27/151523_723236_motion.jpg,empty,John,2026-10-01T12:10:50.149420-04:00
2026-09-27/151527_520569_motion.jpg,empty,John,2026-10-01T12:10:50.394145-04:00
2026-09-27/151606_169355_motion.jpg,empty,John,2026-10-01T12:10:50.594661-04:00
2026-09-27/151608_202011_motion.jpg,empty,John,2026-10-01T12:10:50.772405-04:00
2026-09-27/151704_410173_motion.jpg,empty,John,2026-10-01T12:10:50.994645-04:00
2026-09-27/151714_172468_motion.jpg,empty,John,2026-10-01T12:10:51.173217-04:00
2026-09-27/151716_205035_motion.jpg,empty,John,2026-10-01T12:10:51.350630-04:00
2026-09-27/151720_070356_motion.jpg,empty,John,2026-10-01T12:10:51.550642-04:00
2026-09-27/151842_932400_periodic.jpg,empty,John,2026-10-01T12:10:51.728782-04:00
2026-09-27/152055_606128_motion.jpg,empty,John,2026-10-01T12:10:51.929345-04:00
2026-09-27/152227_265020_motion.jpg,empty,John,2026-10-01T12:10:52.152608-04:00
2026-09-27/152246_056644_motion.jpg,empty,John,2026-10-01T12:10:52.308087-04:00
2026-09-27/152301_049888_motion.jpg,empty,John,2026-10-01T12:10:52.507764-04:00
2026-09-27/152303_081982_motion.jpg,empty,John,2026-10-01T12:10:52.729631-04:00
2026-09-27/152305_115336_motion.jpg,empty,John,2026-10-01T12:10:52.930737-04:00
2026-09-27/152413_084614_motion.jpg,empty,John,2026-10-01T12:10:53.108333-04:00
2026-09-27/152418_648307_motion.jpg,empty,John,2026-10-01T12:10:53.285928-04:00
2026-09-27/152421_447288_motion.jpg,empty,John,2026-10-01T12:10:53.486830-04:00
2026-09-27/152457_097967_motion.jpg,empty,John,2026-10-01T12:10:53.664343-04:00
2026-09-27/152525_452125_motion.jpg,empty,John,2026-10-01T12:10:53.842208-04:00
2026-09-27/152608_033060_motion.jpg,empty,John,2026-10-01T12:10:54.042288-04:00
2026-09-27/152610_064785_motion.jpg,empty,John,2026-10-01T12:10:54.242617-04:00
2026-09-27/152633_221779_motion.jpg,empty,John,2026-10-01T12:10:54.443577-04:00
2026-09-27/152635_253738_motion.jpg,empty,John,2026-10-01T12:10:54.620827-04:00
2026-09-27/152642_318328_motion.jpg,empty,John,2026-10-01T12:10:54.798922-04:00
2026-09-27/152644_982747_motion.jpg,empty,John,2026-10-01T12:10:54.998830-04:00
2026-09-27/152649_114288_motion.jpg,empty,John,2026-10-01T12:10:55.232282-04:00
2026-09-27/152651_480871_motion.jpg,empty,John,2026-10-01T12:10:55.394171-04:00
2026-09-27/152653_512332_motion.jpg,empty,John,2026-10-01T12:10:55.580661-04:00
2026-09-27/152708_738757_motion.jpg,empty,John,2026-10-01T12:10:55.766265-04:00
2026-09-27/152750_286828_motion.jpg,empty,John,2026-10-01T12:10:55.975729-04:00
2026-09-27/152752_319151_motion.jpg,empty,John,2026-10-01T12:10:56.184332-04:00
2026-09-27/152807_712546_motion.jpg,empty,John,2026-10-01T12:10:56.391978-04:00
2026-09-27/152825_670899_motion.jpg,empty,John,2026-10-01T12:10:56.600673-04:00
2026-09-27/152833_834082_motion.jpg,empty,John,2026-10-01T12:10:56.784732-04:00
2026-09-27/152842_963523_periodic.jpg,empty,John,2026-10-01T12:10:56.993578-04:00
2026-09-27/152857_423375_motion.jpg,empty,John,2026-10-01T12:10:57.200609-04:00
2026-09-27/153014_855200_motion.jpg,empty,John,2026-10-01T12:10:57.385173-04:00
2026-09-27/153016_887609_motion.jpg,empty,John,2026-10-01T12:10:57.569012-04:00
2026-09-27/153034_446637_motion.jpg,empty,John,2026-10-01T12:10:57.776176-04:00
2026-09-27/153052_571776_motion.jpg,empty,John,2026-10-01T12:10:57.913383-04:00
2026-09-27/153103_733231_motion.jpg,empty,John,2026-10-01T12:10:58.143353-04:00
2026-09-27/153207_771243_motion.jpg,empty,John,2026-10-01T12:10:58.281137-04:00
2026-09-27/153219_966741_motion.jpg,empty,John,2026-10-01T12:10:58.487661-04:00
2026-09-27/153225_596562_motion.jpg,empty,John,2026-10-01T12:10:58.670907-04:00
2026-09-27/153227_630101_motion.jpg,empty,John,2026-10-01T12:10:58.853876-04:00
2026-09-27/153242_089133_motion.jpg,empty,John,2026-10-01T12:10:59.037450-04:00
2026-09-27/153244_122983_motion.jpg,empty,John,2026-10-01T12:10:59.242481-04:00
2026-09-27/153246_155417_motion.jpg,empty,John,2026-10-01T12:10:59.424775-04:00
2026-09-27/153329_236236_motion.jpg,empty,John,2026-10-01T12:10:59.607640-04:00
2026-09-27/153346_627352_motion.jpg,empty,John,2026-10-01T12:10:59.791068-04:00
2026-09-27/153351_325913_motion.jpg,empty,John,2026-10-01T12:10:59.995936-04:00
2026-09-27/153353_357663_motion.jpg,empty,John,2026-10-01T12:11:00.200820-04:00
2026-09-27/153355_391263_motion.jpg,empty,John,2026-10-01T12:11:00.405897-04:00
2026-09-27/153645_947043_motion.jpg,empty,John,2026-10-01T12:11:00.633492-04:00
2026-09-27/153647_979766_motion.jpg,empty,John,2026-10-01T12:11:00.838111-04:00
2026-09-27/153650_011789_motion.jpg,empty,John,2026-10-01T12:11:01.065337-04:00
2026-09-27/153652_044331_motion.jpg,empty,John,2026-10-01T12:11:01.269851-04:00
2026-09-27/153654_243176_motion.jpg,empty,John,2026-10-01T12:11:01.473991-04:00
2026-09-27/153701_740167_motion.jpg,empty,John,2026-10-01T12:11:01.678728-04:00
2026-09-27/153705_938260_motion.jpg,empty,John,2026-10-01T12:11:01.905737-04:00
2026-09-27/153712_268282_motion.jpg,empty,John,2026-10-01T12:11:02.086537-04:00
2026-09-27/153735_791922_motion.jpg,empty,John,2026-10-01T12:11:02.290617-04:00
2026-09-27/153737_824449_motion.jpg,empty,John,2026-10-01T12:11:02.448932-04:00
2026-09-27/153740_389084_motion.jpg,empty,John,2026-10-01T12:11:02.652881-04:00
2026-09-27/153803_778336_motion.jpg,empty,John,2026-10-01T12:11:02.856872-04:00
2026-09-27/153811_208226_motion.jpg,empty,John,2026-10-01T12:11:03.060444-04:00
2026-09-27/153817_238694_motion.jpg,empty,John,2026-10-01T12:11:03.263897-04:00
2026-09-27/153828_201794_motion.jpg,empty,John,2026-10-01T12:11:03.466776-04:00
2026-09-27/153835_564293_motion.jpg,empty,John,2026-10-01T12:11:03.647315-04:00
2026-09-27/153837_597012_motion.jpg,empty,John,2026-10-01T12:11:03.851238-04:00
2026-09-27/153839_630768_motion.jpg,empty,John,2026-10-01T12:11:04.053572-04:00
2026-09-27/153842_994210_periodic.jpg,empty,John,2026-10-01T12:11:04.256825-04:00
2026-09-27/153847_159981_motion.jpg,empty,John,2026-10-01T12:11:04.459132-04:00
2026-09-27/153850_990728_motion.jpg,empty,John,2026-10-01T12:11:04.662864-04:00
2026-09-27/153858_054248_motion.jpg,empty,John,2026-10-01T12:11:04.865894-04:00
2026-09-27/154122_255924_motion.jpg,empty,John,2026-10-01T12:11:05.069699-04:00
2026-09-27/154843_025007_periodic.jpg,empty,John,2026-10-01T12:11:05.270701-04:00
2026-09-27/155045_770756_motion.jpg,empty,John,2026-10-01T12:11:05.451074-04:00
2026-09-27/155155_605387_motion.jpg,empty,John,2026-10-01T12:11:05.675840-04:00
2026-09-27/155400_417315_motion.jpg,empty,John,2026-10-01T12:11:05.833822-04:00
2026-09-27/155402_448813_motion.jpg,empty,John,2026-10-01T12:11:06.014505-04:00
2026-09-27/155843_056557_periodic.jpg,empty,John,2026-10-01T12:11:06.216004-04:00
2026-09-27/160843_088278_periodic.jpg,empty,John,2026-10-01T12:11:06.418582-04:00
2026-09-27/161843_118873_periodic.jpg,empty,John,2026-10-01T12:11:06.598022-04:00
2026-09-27/162843_150471_periodic.jpg,empty,John,2026-10-01T12:11:06.778521-04:00
2026-09-27/163438_191982_motion.jpg,empty,John,2026-10-01T12:11:06.979648-04:00
2026-09-27/163440_224254_motion.jpg,empty,John,2026-10-01T12:11:07.182972-04:00
2026-09-27/163547_594782_motion.jpg,empty,John,2026-10-01T12:11:07.361569-04:00
2026-09-27/163549_627485_motion.jpg,empty,John,2026-10-01T12:11:07.541786-04:00
2026-09-27/163631_607220_motion.jpg,empty,John,2026-10-01T12:11:07.765726-04:00
2026-09-27/163643_969195_motion.jpg,empty,John,2026-10-01T12:11:07.968231-04:00
2026-09-27/163646_000708_motion.jpg,empty,John,2026-10-01T12:11:08.169749-04:00
2026-09-27/163649_333019_motion.jpg,empty,John,2026-10-01T12:11:08.348948-04:00
2026-09-27/163654_796828_motion.jpg,empty,John,2026-10-01T12:11:08.551222-04:00
2026-09-27/163843_181791_periodic.jpg,empty,John,2026-10-01T12:11:08.774980-04:00
2026-09-27/164402_340252_motion.jpg,empty,John,2026-10-01T12:11:08.999484-04:00
2026-09-27/164429_826212_motion.jpg,empty,John,2026-10-01T12:11:09.178787-04:00
2026-09-27/164843_213259_periodic.jpg,empty,John,2026-10-01T12:11:09.358258-04:00
2026-09-27/165843_243288_periodic.jpg,empty,John,2026-10-01T12:11:09.581526-04:00
2026-09-27/170436_684273_motion.jpg,empty,John,2026-10-01T12:11:09.782616-04:00
2026-09-27/170438_716571_motion.jpg,empty,John,2026-10-01T12:11:10.006109-04:00
2026-09-27/170521_864738_motion.jpg,empty,John,2026-10-01T12:11:10.185298-04:00
2026-09-27/170612_174517_motion.jpg,empty,John,2026-10-01T12:11:10.364747-04:00
2026-09-27/170628_267256_motion.jpg,empty,John,2026-10-01T12:11:10.565539-04:00
2026-09-27/170630_299891_motion.jpg,empty,John,2026-10-01T12:11:10.745061-04:00
2026-09-27/170843_273968_periodic.jpg,empty,John,2026-10-01T12:11:10.946310-04:00
2026-09-27/171134_429614_motion.jpg,empty,John,2026-10-01T12:11:11.147469-04:00
2026-09-27/171136_462215_motion.jpg,empty,John,2026-10-01T12:11:11.348023-04:00
2026-09-27/171138_494742_motion.jpg,empty,John,2026-10-01T12:11:11.571964-04:00
2026-09-27/171351_735166_motion.jpg,empty,John,2026-10-01T12:11:11.773270-04:00
2026-09-27/171418_755908_motion.jpg,empty,John,2026-10-01T12:11:11.974208-04:00
2026-09-27/171429_184633_motion.jpg,empty,John,2026-10-01T12:11:12.175605-04:00
2026-09-27/171448_775995_motion.jpg,empty,John,2026-10-01T12:11:12.376226-04:00
2026-09-27/171843_303970_periodic.jpg,empty,John,2026-10-01T12:11:12.577909-04:00
2026-09-27/172157_383614_motion.jpg,empty,John,2026-10-01T12:11:12.778170-04:00
2026-09-27/172230_868334_motion.jpg,empty,John,2026-10-01T12:11:12.979964-04:00
2026-09-27/172232_868614_motion.jpg,empty,John,2026-10-01T12:11:13.158574-04:00
2026-09-27/172329_875674_motion.jpg,empty,John,2026-10-01T12:11:13.359185-04:00
2026-09-27/172331_908052_motion.jpg,empty,John,2026-10-01T12:11:13.561077-04:00
2026-09-27/172338_238186_motion.jpg,empty,John,2026-10-01T12:11:13.761764-04:00
2026-09-27/172340_271154_motion.jpg,empty,John,2026-10-01T12:11:13.962724-04:00
2026-09-27/172342_303100_motion.jpg,empty,John,2026-10-01T12:11:14.163128-04:00
2026-09-27/172347_134439_motion.jpg,empty,John,2026-10-01T12:11:14.386616-04:00
2026-09-27/172354_964171_motion.jpg,empty,John,2026-10-01T12:11:14.608878-04:00
2026-09-27/172356_996684_motion.jpg,empty,John,2026-10-01T12:11:14.788041-04:00
2026-09-27/172843_335212_periodic.jpg,empty,John,2026-10-01T12:11:14.988856-04:00
2026-09-27/172919_018824_motion.jpg,empty,John,2026-10-01T12:11:15.189781-04:00
2026-09-27/173237_430076_motion.jpg,empty,John,2026-10-01T12:11:15.389798-04:00
2026-09-27/173414_253877_motion.jpg,empty,John,2026-10-01T12:11:15.568532-04:00
2026-09-27/173447_437979_motion.jpg,empty,John,2026-10-01T12:11:15.746938-04:00
2026-09-27/173843_365584_periodic.jpg,empty,John,2026-10-01T12:11:15.925793-04:00
2026-09-27/173935_342349_motion.jpg,empty,John,2026-10-01T12:11:16.148466-04:00
2026-09-27/174007_694543_motion.jpg,empty,John,2026-10-01T12:11:16.326678-04:00
2026-09-27/174009_727111_motion.jpg,empty,John,2026-10-01T12:11:16.527687-04:00
2026-09-27/174140_820563_motion.jpg,empty,John,2026-10-01T12:11:16.705955-04:00
2026-09-27/174512_457967_motion.jpg,empty,John,2026-10-01T12:11:16.905819-04:00
2026-09-27/174525_885684_motion.jpg,empty,John,2026-10-01T12:11:17.085083-04:00
2026-09-27/174527_917691_motion.jpg,empty,John,2026-10-01T12:11:17.285227-04:00
2026-09-27/174715_169771_motion.jpg,empty,John,2026-10-01T12:11:17.507702-04:00
2026-09-27/174733_061761_motion.jpg,empty,John,2026-10-01T12:11:17.686279-04:00
2026-09-27/174735_095312_motion.jpg,empty,John,2026-10-01T12:11:17.887535-04:00
2026-09-27/174843_396858_periodic.jpg,empty,John,2026-10-01T12:11:18.064987-04:00
2026-09-27/175048_040763_motion.jpg,empty,John,2026-10-01T12:11:18.265501-04:00
2026-09-27/175050_074451_motion.jpg,empty,John,2026-10-01T12:11:18.466057-04:00
2026-09-27/175052_105797_motion.jpg,empty,John,2026-10-01T12:11:18.688496-04:00
2026-09-27/175054_138614_motion.jpg,empty,John,2026-10-01T12:11:18.866914-04:00
2026-09-27/175048_040763_motion.jpg,empty,John,2026-10-01T12:11:21.895199-04:00
2026-09-27/175050_074451_motion.jpg,black_patch_cat,John,2026-10-01T12:11:22.785435-04:00
2026-09-27/175052_105797_motion.jpg,black_patch_cat,John,2026-10-01T12:11:23.275014-04:00
2026-09-27/175054_138614_motion.jpg,black_patch_cat,John,2026-10-01T12:11:23.786826-04:00
2026-09-27/175058_402865_motion.jpg,black_patch_cat,John,2026-10-01T12:11:24.276398-04:00
2026-09-27/175101_867964_motion.jpg,black_patch_cat,John,2026-10-01T12:11:24.810493-04:00
2026-09-27/175103_900411_motion.jpg,black_patch_cat,John,2026-10-01T12:11:25.366816-04:00
2026-09-27/175106_999058_motion.jpg,black_patch_cat,John,2026-10-01T12:11:25.878727-04:00
2026-09-27/175111_063897_motion.jpg,black_patch_cat,John,2026-10-01T12:11:26.501458-04:00
2026-09-27/175113_662757_motion.jpg,black_patch_cat,John,2026-10-01T12:11:27.037176-04:00
2026-09-27/175115_695445_motion.jpg,black_patch_cat,John,2026-10-01T12:11:28.318844-04:00
2026-09-27/175129_488926_motion.jpg,empty,John,2026-10-01T12:11:29.405795-04:00
2026-09-27/175141_850276_motion.jpg,empty,John,2026-10-01T12:11:29.613240-04:00
2026-09-27/175153_712064_motion.jpg,empty,John,2026-10-01T12:11:29.820680-04:00
2026-09-27/175258_083205_motion.jpg,empty,John,2026-10-01T12:11:30.005849-04:00
2026-09-27/175340_963177_motion.jpg,empty,John,2026-10-01T12:11:30.212301-04:00
2026-09-27/175355_257324_motion.jpg,empty,John,2026-10-01T12:11:30.395673-04:00
2026-09-27/175601_900399_motion.jpg,empty,John,2026-10-01T12:11:30.556175-04:00
2026-09-27/175614_860907_motion.jpg,empty,John,2026-10-01T12:11:30.763813-04:00
2026-09-27/175616_861061_motion.jpg,empty,John,2026-10-01T12:11:30.924394-04:00
2026-09-27/175724_263270_motion.jpg,empty,John,2026-10-01T12:11:31.107476-04:00
2026-09-27/175726_295927_motion.jpg,empty,John,2026-10-01T12:11:31.290250-04:00
2026-09-27/175821_970811_motion.jpg,empty,John,2026-10-01T12:11:31.495948-04:00
2026-09-27/175823_971089_motion.jpg,empty,John,2026-10-01T12:11:31.679772-04:00
2026-09-27/175843_427858_periodic.jpg,empty,John,2026-10-01T12:11:31.839629-04:00
2026-09-27/175923_110568_motion.jpg,empty,John,2026-10-01T12:11:32.022374-04:00
2026-09-27/175925_142570_motion.jpg,empty,John,2026-10-01T12:11:32.227624-04:00
2026-09-27/175927_174985_motion.jpg,empty,John,2026-10-01T12:11:32.409865-04:00
2026-09-27/180049_338085_motion.jpg,empty,John,2026-10-01T12:11:32.569451-04:00
2026-09-27/180051_370596_motion.jpg,empty,John,2026-10-01T12:11:32.751725-04:00
2026-09-27/180057_501160_motion.jpg,empty,John,2026-10-01T12:11:32.934976-04:00
2026-09-27/180142_581928_motion.jpg,empty,John,2026-10-01T12:11:33.092950-04:00
2026-09-27/180144_614443_motion.jpg,empty,John,2026-10-01T12:11:33.275463-04:00
2026-09-27/180147_047109_motion.jpg,empty,John,2026-10-01T12:11:33.457576-04:00
2026-09-27/180150_510734_motion.jpg,empty,John,2026-10-01T12:11:33.639501-04:00
2026-09-27/180548_770266_motion.jpg,empty,John,2026-10-01T12:11:33.797843-04:00
2026-09-27/180843_425085_motion.jpg,empty,John,2026-10-01T12:11:33.979988-04:00
2026-09-27/180843_458754_periodic.jpg,empty,John,2026-10-01T12:11:34.138703-04:00
2026-09-27/180845_459239_motion.jpg,empty,John,2026-10-01T12:11:34.342609-04:00
2026-09-27/180958_925444_motion.jpg,empty,John,2026-10-01T12:11:34.546241-04:00
2026-09-27/181000_958162_motion.jpg,empty,John,2026-10-01T12:11:34.705312-04:00
2026-09-27/181002_989601_motion.jpg,empty,John,2026-10-01T12:11:34.864043-04:00
2026-09-27/181018_715774_motion.jpg,empty,John,2026-10-01T12:11:35.068069-04:00
2026-09-27/181453_692710_motion.jpg,empty,John,2026-10-01T12:11:35.249135-04:00
2026-09-27/181458_290604_motion.jpg,empty,John,2026-10-01T12:11:35.429653-04:00
2026-09-27/181500_322487_motion.jpg,empty,John,2026-10-01T12:11:35.632247-04:00
2026-09-27/181502_355223_motion.jpg,empty,John,2026-10-01T12:11:35.836851-04:00
2026-09-27/181541_704222_motion.jpg,empty,John,2026-10-01T12:11:36.039809-04:00
2026-09-27/181543_736415_motion.jpg,empty,John,2026-10-01T12:11:36.220595-04:00
2026-09-27/181623_118717_motion.jpg,empty,John,2026-10-01T12:11:36.400849-04:00
2026-09-27/181625_151107_motion.jpg,empty,John,2026-10-01T12:11:36.581008-04:00
2026-09-27/181725_957119_motion.jpg,empty,John,2026-10-01T12:11:36.785353-04:00
2026-09-27/181727_989615_motion.jpg,empty,John,2026-10-01T12:11:36.965851-04:00
2026-09-27/181843_488930_periodic.jpg,empty,John,2026-10-01T12:11:37.122997-04:00
2026-09-27/181843_856433_motion.jpg,empty,John,2026-10-01T12:11:37.302692-04:00
2026-09-27/181845_887939_motion.jpg,empty,John,2026-10-01T12:11:37.506552-04:00
2026-09-27/182015_148320_motion.jpg,empty,John,2026-10-01T12:11:37.708655-04:00
2026-09-27/182017_148465_motion.jpg,empty,John,2026-10-01T12:11:37.888633-04:00
2026-09-27/182020_712113_motion.jpg,empty,John,2026-10-01T12:11:38.068743-04:00
2026-09-27/182030_741402_motion.jpg,empty,John,2026-10-01T12:11:38.248441-04:00
2026-09-27/182032_741991_motion.jpg,empty,John,2026-10-01T12:11:38.450385-04:00
2026-09-27/182034_772671_motion.jpg,empty,John,2026-10-01T12:11:38.630215-04:00
2026-09-27/182043_601968_motion.jpg,empty,John,2026-10-01T12:11:38.832714-04:00
2026-09-27/182206_197690_motion.jpg,empty,John,2026-10-01T12:11:39.035712-04:00
2026-09-27/182208_230620_motion.jpg,empty,John,2026-10-01T12:11:39.214424-04:00
2026-09-27/182228_288530_motion.jpg,empty,John,2026-10-01T12:11:39.417790-04:00
2026-09-27/182517_545617_motion.jpg,empty,John,2026-10-01T12:11:39.575260-04:00
2026-09-27/182519_579175_motion.jpg,empty,John,2026-10-01T12:11:39.754019-04:00
2026-09-27/182610_821190_motion.jpg,empty,John,2026-10-01T12:11:39.934011-04:00
2026-09-27/182612_854065_motion.jpg,empty,John,2026-10-01T12:11:40.136067-04:00
2026-09-27/182614_886498_motion.jpg,empty,John,2026-10-01T12:11:40.337820-04:00
2026-09-27/182618_151646_motion.jpg,empty,John,2026-10-01T12:11:40.539735-04:00
2026-09-27/182644_673331_motion.jpg,empty,John,2026-10-01T12:11:40.741440-04:00
2026-09-27/182646_705807_motion.jpg,empty,John,2026-10-01T12:11:40.942650-04:00
2026-09-27/182644_673331_motion.jpg,empty,John,2026-10-01T12:11:44.252634-04:00
2026-09-27/182646_705807_motion.jpg,black_patch_cat,John,2026-10-01T12:11:45.300791-04:00
2026-09-27/182646_705807_motion.jpg,orange_patch_cat,John,2026-10-01T12:11:48.377640-04:00
2026-09-27/182648_738154_motion.jpg,orange_patch_cat,John,2026-10-01T12:11:49.024238-04:00
2026-09-27/182650_738334_motion.jpg,orange_patch_cat,John,2026-10-01T12:11:50.404347-04:00
2026-09-27/182652_770228_motion.jpg,orange_patch_cat,John,2026-10-01T12:11:51.650744-04:00
2026-09-27/182654_802106_motion.jpg,empty,John,2026-10-01T12:11:53.163929-04:00
2026-09-27/182656_834612_motion.jpg,empty,John,2026-10-01T12:11:54.274920-04:00
2026-09-27/182658_868094_motion.jpg,empty,John,2026-10-01T12:11:54.897651-04:00
2026-09-27/182700_899455_motion.jpg,empty,John,2026-10-01T12:11:55.454306-04:00
2026-09-27/182705_297498_motion.jpg,empty,John,2026-10-01T12:11:56.231682-04:00
2026-09-27/182707_330015_motion.jpg,empty,John,2026-10-01T12:11:56.699651-04:00
2026-09-27/182740_981385_motion.jpg,empty,John,2026-10-01T12:11:57.188607-04:00
2026-09-27/182821_829785_motion.jpg,empty,John,2026-10-01T12:11:57.589450-04:00
2026-09-27/182823_863438_motion.jpg,empty,John,2026-10-01T12:11:57.879216-04:00
2026-09-27/182831_959345_motion.jpg,empty,John,2026-10-01T12:11:58.101437-04:00
2026-09-27/182837_256249_motion.jpg,empty,John,2026-10-01T12:11:58.346197-04:00
2026-09-27/182843_521535_periodic.jpg,empty,John,2026-10-01T12:11:58.747482-04:00
2026-09-27/182906_343088_motion.jpg,empty,John,2026-10-01T12:11:59.352707-04:00
2026-09-27/182908_375575_motion.jpg,empty,John,2026-10-01T12:11:59.552515-04:00
2026-09-27/182921_869537_motion.jpg,empty,John,2026-10-01T12:11:59.752364-04:00
2026-09-27/182934_630262_motion.jpg,empty,John,2026-10-01T12:11:59.952868-04:00
2026-09-27/182936_630558_motion.jpg,empty,John,2026-10-01T12:12:00.330835-04:00
2026-09-27/182943_759647_motion.jpg,empty,John,2026-10-01T12:12:00.531464-04:00
2026-09-27/182952_855417_motion.jpg,empty,John,2026-10-01T12:12:00.731531-04:00
2026-09-27/183003_050484_motion.jpg,empty,John,2026-10-01T12:12:00.931515-04:00
2026-09-27/183005_051054_motion.jpg,empty,John,2026-10-01T12:12:01.087829-04:00
2026-09-27/183007_116015_motion.jpg,empty,John,2026-10-01T12:12:01.287724-04:00
2026-09-27/183009_116165_motion.jpg,empty,John,2026-10-01T12:12:01.465907-04:00
2026-09-27/183011_147468_motion.jpg,empty,John,2026-10-01T12:12:01.643629-04:00
2026-09-27/183525_972767_motion.jpg,empty,John,2026-10-01T12:12:01.821258-04:00
2026-09-27/183528_005299_motion.jpg,empty,John,2026-10-01T12:12:02.021556-04:00
2026-09-27/183614_284250_motion.jpg,empty,John,2026-10-01T12:12:02.199329-04:00
2026-09-27/183625_379406_motion.jpg,empty,John,2026-10-01T12:12:02.376558-04:00
2026-09-27/183629_177514_motion.jpg,empty,John,2026-10-01T12:12:02.555634-04:00
2026-09-27/183631_210102_motion.jpg,empty,John,2026-10-01T12:12:02.733132-04:00
2026-09-27/183633_243808_motion.jpg,empty,John,2026-10-01T12:12:02.910830-04:00
2026-09-27/183711_458631_motion.jpg,empty,John,2026-10-01T12:12:03.088815-04:00
2026-09-27/183729_117268_motion.jpg,empty,John,2026-10-01T12:12:03.266511-04:00
2026-09-27/183825_625441_motion.jpg,empty,John,2026-10-01T12:12:03.445028-04:00
2026-09-27/183843_550681_periodic.jpg,empty,John,2026-10-01T12:12:03.644795-04:00
2026-09-27/183930_062993_motion.jpg,empty,John,2026-10-01T12:12:03.777934-04:00
2026-09-27/184045_562856_motion.jpg,empty,John,2026-10-01T12:12:04.111159-04:00
2026-09-27/184146_635534_motion.jpg,empty,John,2026-10-01T12:12:04.289103-04:00
2026-09-27/184148_635719_motion.jpg,empty,John,2026-10-01T12:12:04.467274-04:00
2026-09-27/184238_645455_motion.jpg,empty,John,2026-10-01T12:12:04.645253-04:00
2026-09-27/184243_176753_motion.jpg,empty,John,2026-10-01T12:12:04.822775-04:00
2026-09-27/184245_209214_motion.jpg,empty,John,2026-10-01T12:12:05.001422-04:00
2026-09-27/184247_542034_motion.jpg,empty,John,2026-10-01T12:12:05.179359-04:00
2026-09-27/184305_400130_motion.jpg,empty,John,2026-10-01T12:12:05.379460-04:00
2026-09-27/184307_433706_motion.jpg,empty,John,2026-10-01T12:12:05.534057-04:00
2026-09-27/184309_465079_motion.jpg,empty,John,2026-10-01T12:12:05.735283-04:00
2026-09-27/184429_795704_motion.jpg,empty,John,2026-10-01T12:12:05.912835-04:00
2026-09-27/184511_743826_motion.jpg,empty,John,2026-10-01T12:12:06.090913-04:00
2026-09-27/184803_400592_motion.jpg,empty,John,2026-10-01T12:12:06.246891-04:00
2026-09-27/184835_818875_motion.jpg,empty,John,2026-10-01T12:12:06.423787-04:00
2026-09-27/184843_582561_periodic.jpg,empty,John,2026-10-01T12:12:06.602595-04:00
2026-09-27/184958_848094_motion.jpg,empty,John,2026-10-01T12:12:06.758360-04:00
2026-09-27/185000_880843_motion.jpg,empty,John,2026-10-01T12:12:06.935899-04:00
2026-09-27/185018_639459_motion.jpg,empty,John,2026-10-01T12:12:07.114075-04:00
2026-09-27/185020_672991_motion.jpg,empty,John,2026-10-01T12:12:07.291681-04:00
2026-09-27/185025_236616_motion.jpg,empty,John,2026-10-01T12:12:07.492131-04:00
2026-09-27/185030_301005_motion.jpg,empty,John,2026-10-01T12:12:07.669518-04:00
2026-09-27/185032_333872_motion.jpg,empty,John,2026-10-01T12:12:07.825341-04:00
2026-09-27/185041_096163_motion.jpg,empty,John,2026-10-01T12:12:08.025234-04:00
2026-09-27/185107_718011_motion.jpg,empty,John,2026-10-01T12:12:08.202507-04:00
2026-09-27/185149_831911_motion.jpg,empty,John,2026-10-01T12:12:08.404363-04:00
2026-09-27/185151_864502_motion.jpg,empty,John,2026-10-01T12:12:08.604469-04:00
2026-09-27/185201_393497_motion.jpg,empty,John,2026-10-01T12:12:08.781342-04:00
2026-09-27/185203_393604_motion.jpg,empty,John,2026-10-01T12:12:08.937213-04:00
2026-09-27/185205_425077_motion.jpg,empty,John,2026-10-01T12:12:09.092763-04:00
2026-09-27/185208_690465_motion.jpg,empty,John,2026-10-01T12:12:09.269975-04:00
2026-09-27/185249_805107_motion.jpg,empty,John,2026-10-01T12:12:09.448029-04:00
2026-09-27/185302_032959_motion.jpg,empty,John,2026-10-01T12:12:09.649126-04:00
2026-09-27/185304_065841_motion.jpg,empty,John,2026-10-01T12:12:09.826965-04:00
2026-09-27/185306_097792_motion.jpg,empty,John,2026-10-01T12:12:10.004018-04:00
2026-09-27/185332_752649_motion.jpg,empty,John,2026-10-01T12:12:10.181978-04:00
2026-09-27/185334_786307_motion.jpg,empty,John,2026-10-01T12:12:10.382129-04:00
2026-09-27/185502_512347_motion.jpg,empty,John,2026-10-01T12:12:10.560818-04:00
2026-09-27/185504_544942_motion.jpg,empty,John,2026-10-01T12:12:10.760289-04:00
2026-09-27/185614_946611_motion.jpg,empty,John,2026-10-01T12:12:10.937976-04:00
2026-09-27/185843_613199_periodic.jpg,empty,John,2026-10-01T12:12:11.138067-04:00
2026-09-27/190038_695021_motion.jpg,empty,John,2026-10-01T12:12:11.316832-04:00
2026-09-27/190110_048152_motion.jpg,empty,John,2026-10-01T12:12:11.494437-04:00
2026-09-27/190112_081033_motion.jpg,empty,John,2026-10-01T12:12:11.694701-04:00
2026-09-27/190154_695307_motion.jpg,empty,John,2026-10-01T12:12:11.872593-04:00
2026-09-27/190209_721098_motion.jpg,empty,John,2026-10-01T12:12:12.073312-04:00
2026-09-27/190211_753311_motion.jpg,empty,John,2026-10-01T12:12:12.250226-04:00
2026-09-27/190649_262298_motion.jpg,empty,John,2026-10-01T12:12:12.428072-04:00
2026-09-27/190651_295229_motion.jpg,empty,John,2026-10-01T12:12:12.628589-04:00
2026-09-27/190707_520724_motion.jpg,empty,John,2026-10-01T12:12:12.806492-04:00
2026-09-27/190715_983696_motion.jpg,empty,John,2026-10-01T12:12:12.984304-04:00
2026-09-27/190740_639260_motion.jpg,empty,John,2026-10-01T12:12:13.183810-04:00
2026-09-27/190742_672142_motion.jpg,empty,John,2026-10-01T12:12:13.317430-04:00
2026-09-27/190802_629529_motion.jpg,empty,John,2026-10-01T12:12:13.495949-04:00
2026-09-27/190804_629751_motion.jpg,empty,John,2026-10-01T12:12:13.940519-04:00
2026-09-27/190834_614999_motion.jpg,empty,John,2026-10-01T12:12:14.185717-04:00
2026-09-27/190836_648127_motion.jpg,empty,John,2026-10-01T12:12:14.385209-04:00
2026-09-27/190838_680063_motion.jpg,empty,John,2026-10-01T12:12:14.563470-04:00
2026-09-27/190840_680017_motion.jpg,empty,John,2026-10-01T12:12:14.763568-04:00
2026-09-27/190843_645081_periodic.jpg,empty,John,2026-10-01T12:12:14.963261-04:00
2026-09-27/191034_294940_motion.jpg,empty,John,2026-10-01T12:12:15.119015-04:00
2026-09-27/191036_295375_motion.jpg,empty,John,2026-10-01T12:12:15.319140-04:00
2026-09-27/191039_593183_motion.jpg,empty,John,2026-10-01T12:12:15.519444-04:00
2026-09-27/191041_626076_motion.jpg,empty,John,2026-10-01T12:12:15.696371-04:00
2026-09-27/191056_051652_motion.jpg,empty,John,2026-10-01T12:12:15.941466-04:00
2026-09-27/191120_040855_motion.jpg,empty,John,2026-10-01T12:12:16.119266-04:00
2026-09-27/191132_770047_motion.jpg,empty,John,2026-10-01T12:12:16.319886-04:00
2026-09-27/191148_761782_motion.jpg,empty,John,2026-10-01T12:12:16.497870-04:00
2026-09-27/191219_847414_motion.jpg,empty,John,2026-10-01T12:12:16.697879-04:00
2026-09-27/191221_880984_motion.jpg,empty,John,2026-10-01T12:12:16.897260-04:00
2026-09-27/191318_321600_motion.jpg,empty,John,2026-10-01T12:12:17.097565-04:00
2026-09-27/191320_354973_motion.jpg,empty,John,2026-10-01T12:12:17.297467-04:00
2026-09-27/191344_209755_motion.jpg,empty,John,2026-10-01T12:12:17.498137-04:00
2026-09-27/191346_242205_motion.jpg,empty,John,2026-10-01T12:12:17.720892-04:00
2026-09-27/191348_274759_motion.jpg,empty,John,2026-10-01T12:12:17.898156-04:00
2026-09-27/191350_307741_motion.jpg,empty,John,2026-10-01T12:12:18.098961-04:00
2026-09-27/191409_831493_motion.jpg,empty,John,2026-10-01T12:12:18.298218-04:00
2026-09-27/191411_863999_motion.jpg,empty,John,2026-10-01T12:12:18.498557-04:00
2026-09-27/191422_425868_motion.jpg,empty,John,2026-10-01T12:12:18.698297-04:00
2026-09-27/191438_418351_motion.jpg,empty,John,2026-10-01T12:12:18.899054-04:00
2026-09-27/191440_451493_motion.jpg,empty,John,2026-10-01T12:12:19.121377-04:00
2026-09-27/191443_182816_motion.jpg,empty,John,2026-10-01T12:12:19.321354-04:00
2026-09-27/191445_648769_motion.jpg,empty,John,2026-10-01T12:12:19.521495-04:00
2026-09-27/191530_727523_motion.jpg,empty,John,2026-10-01T12:12:19.699544-04:00
2026-09-27/191532_728236_motion.jpg,empty,John,2026-10-01T12:12:19.898846-04:00
2026-09-27/191534_759547_motion.jpg,empty,John,2026-10-01T12:12:20.099594-04:00
2026-09-27/191536_792018_motion.jpg,empty,John,2026-10-01T12:12:20.299426-04:00
2026-09-27/191614_575928_motion.jpg,empty,John,2026-10-01T12:12:20.499636-04:00
2026-09-27/191636_165024_motion.jpg,empty,John,2026-10-01T12:12:20.699724-04:00
2026-09-27/191710_382872_motion.jpg,empty,John,2026-10-01T12:12:20.922323-04:00
2026-09-27/191712_416079_motion.jpg,empty,John,2026-10-01T12:12:21.100180-04:00
2026-09-27/191714_448016_motion.jpg,empty,John,2026-10-01T12:12:21.322642-04:00
2026-09-27/191718_512432_motion.jpg,empty,John,2026-10-01T12:12:21.522235-04:00
2026-09-27/191720_513003_motion.jpg,empty,John,2026-10-01T12:12:21.723138-04:00
2026-09-27/191757_229496_motion.jpg,empty,John,2026-10-01T12:12:21.921927-04:00
2026-09-27/191759_262363_motion.jpg,empty,John,2026-10-01T12:12:22.122920-04:00
2026-09-27/191801_293655_motion.jpg,empty,John,2026-10-01T12:12:22.322300-04:00
2026-09-27/191828_947426_motion.jpg,empty,John,2026-10-01T12:12:22.523084-04:00
2026-09-27/191830_947701_motion.jpg,empty,John,2026-10-01T12:12:22.746045-04:00
2026-09-27/191841_975359_motion.jpg,empty,John,2026-10-01T12:12:22.923367-04:00
2026-09-27/191843_674604_periodic.jpg,empty,John,2026-10-01T12:12:23.123530-04:00
2026-09-27/191843_975774_motion.jpg,empty,John,2026-10-01T12:12:23.322874-04:00
2026-09-27/191918_459094_motion.jpg,empty,John,2026-10-01T12:12:23.523260-04:00
2026-09-27/191951_777663_motion.jpg,empty,John,2026-10-01T12:12:23.723846-04:00
2026-09-27/192021_696456_motion.jpg,empty,John,2026-10-01T12:12:23.922942-04:00
2026-09-27/192023_729417_motion.jpg,empty,John,2026-10-01T12:12:24.144988-04:00
2026-09-27/192053_082473_motion.jpg,empty,John,2026-10-01T12:12:24.323781-04:00
2026-09-27/192132_265791_motion.jpg,empty,John,2026-10-01T12:12:24.545594-04:00
2026-09-27/192148_024297_motion.jpg,empty,John,2026-10-01T12:12:24.746400-04:00
2026-09-27/192209_581239_motion.jpg,empty,John,2026-10-01T12:12:24.968477-04:00
2026-09-27/192843_704303_periodic.jpg,empty,John,2026-10-01T12:12:25.167821-04:00
2026-09-27/193039_118879_motion.jpg,empty,John,2026-10-01T12:12:25.368918-04:00
2026-09-27/193041_151472_motion.jpg,empty,John,2026-10-01T12:12:25.569404-04:00
2026-09-27/193118_868729_motion.jpg,empty,John,2026-10-01T12:12:25.768670-04:00
2026-09-27/193246_827965_motion.jpg,empty,John,2026-10-01T12:12:25.990533-04:00
2026-09-27/193310_084357_motion.jpg,empty,John,2026-10-01T12:12:26.190703-04:00
2026-09-27/193312_118000_motion.jpg,empty,John,2026-10-01T12:12:26.391111-04:00
2026-09-27/193704_945531_motion.jpg,empty,John,2026-10-01T12:12:26.568701-04:00
2026-09-27/193706_977905_motion.jpg,empty,John,2026-10-01T12:12:26.768769-04:00
2026-09-27/193709_010347_motion.jpg,empty,John,2026-10-01T12:12:26.969043-04:00
2026-09-27/193704_945531_motion.jpg,empty,John,2026-10-01T12:12:30.638944-04:00
2026-09-27/193706_977905_motion.jpg,black_patch_cat,John,2026-10-01T12:12:31.260277-04:00
2026-09-27/193709_010347_motion.jpg,black_patch_cat,John,2026-10-01T12:12:31.750019-04:00
2026-09-27/193711_043825_motion.jpg,black_patch_cat,John,2026-10-01T12:12:32.297200-04:00
2026-09-27/193713_075632_motion.jpg,black_patch_cat,John,2026-10-01T12:12:32.833456-04:00
2026-09-27/193715_108583_motion.jpg,black_patch_cat,John,2026-10-01T12:12:33.390553-04:00
2026-09-27/193719_938719_motion.jpg,black_patch_cat,John,2026-10-01T12:12:33.947162-04:00
2026-09-27/193721_971323_motion.jpg,black_patch_cat,John,2026-10-01T12:12:34.847180-04:00
2026-09-27/193724_003615_motion.jpg,black_patch_cat,John,2026-10-01T12:12:35.628317-04:00
2026-09-27/193727_435421_motion.jpg,black_patch_cat,John,2026-10-01T12:12:36.635408-04:00
2026-09-27/193744_328592_motion.jpg,black_patch_cat,John,2026-10-01T12:12:37.366921-04:00
2026-09-27/193750_424924_motion.jpg,black_patch_cat,John,2026-10-01T12:12:38.005084-04:00
2026-09-27/193808_483516_motion.jpg,black_patch_cat,John,2026-10-01T12:12:38.640509-04:00
2026-09-27/193813_681100_motion.jpg,black_patch_cat,John,2026-10-01T12:12:39.683839-04:00
2026-09-27/193817_812830_motion.jpg,black_patch_cat,John,2026-10-01T12:12:41.063563-04:00
2026-09-27/193835_971365_motion.jpg,black_patch_cat,John,2026-10-01T12:12:42.371401-04:00
2026-09-27/193838_003823_motion.jpg,empty,John,2026-10-01T12:12:43.586979-04:00
2026-09-27/193843_734498_periodic.jpg,empty,John,2026-10-01T12:12:44.193200-04:00
2026-09-27/193851_298693_motion.jpg,empty,John,2026-10-01T12:12:44.529715-04:00
2026-09-27/193853_330188_motion.jpg,empty,John,2026-10-01T12:12:45.024262-04:00
2026-09-27/193855_362560_motion.jpg,empty,John,2026-10-01T12:12:45.606944-04:00
2026-09-27/194843_765709_periodic.jpg,empty,John,2026-10-01T12:12:46.055318-04:00
2026-09-27/195154_912709_motion.jpg,empty,John,2026-10-01T12:12:46.481702-04:00
2026-09-27/195240_492520_motion.jpg,empty,John,2026-10-01T12:12:46.749136-04:00
2026-09-27/195843_796199_periodic.jpg,empty,John,2026-10-01T12:12:46.951250-04:00
2026-09-27/200843_827568_periodic.jpg,empty,John,2026-10-01T12:12:47.398967-04:00
2026-09-27/201405_817139_motion.jpg,empty,John,2026-10-01T12:12:47.622718-04:00
2026-09-27/201407_849626_motion.jpg,empty,John,2026-10-01T12:12:47.802047-04:00
2026-09-27/201415_445086_motion.jpg,empty,John,2026-10-01T12:12:47.980802-04:00
2026-09-27/201417_844022_motion.jpg,empty,John,2026-10-01T12:12:48.159852-04:00
2026-09-27/201452_595186_motion.jpg,empty,John,2026-10-01T12:12:48.383714-04:00
2026-09-27/201454_627728_motion.jpg,empty,John,2026-10-01T12:12:48.540439-04:00
2026-09-27/201503_391438_motion.jpg,empty,John,2026-10-01T12:12:48.673713-04:00
2026-09-27/201522_948180_motion.jpg,empty,John,2026-10-01T12:12:48.874868-04:00
2026-09-27/201624_287227_motion.jpg,empty,John,2026-10-01T12:12:49.054379-04:00
2026-09-27/201626_319757_motion.jpg,empty,John,2026-10-01T12:12:49.232816-04:00
2026-09-27/201628_352191_motion.jpg,empty,John,2026-10-01T12:12:49.433786-04:00
2026-09-27/201630_384540_motion.jpg,empty,John,2026-10-01T12:12:49.612897-04:00
2026-09-27/201644_013213_motion.jpg,empty,John,2026-10-01T12:12:50.439387-04:00
2026-09-27/201646_044559_motion.jpg,empty,John,2026-10-01T12:12:50.640278-04:00
2026-09-27/201648_077860_motion.jpg,empty,John,2026-10-01T12:12:50.818913-04:00
2026-09-27/201650_110081_motion.jpg,empty,John,2026-10-01T12:12:50.996927-04:00
2026-09-27/201652_141250_motion.jpg,empty,John,2026-10-01T12:12:51.198340-04:00
2026-09-27/201655_974128_motion.jpg,empty,John,2026-10-01T12:12:51.398497-04:00
2026-09-27/201658_006081_motion.jpg,empty,John,2026-10-01T12:12:51.577607-04:00
2026-09-27/201700_038092_motion.jpg,empty,John,2026-10-01T12:12:51.756394-04:00
2026-09-27/201702_038149_motion.jpg,empty,John,2026-10-01T12:12:51.957136-04:00
2026-09-27/201709_533764_motion.jpg,empty,John,2026-10-01T12:12:52.179742-04:00
2026-09-27/201719_263666_motion.jpg,empty,John,2026-10-01T12:12:52.381102-04:00
2026-09-27/201722_727744_motion.jpg,empty,John,2026-10-01T12:12:52.559134-04:00
2026-09-27/201733_423907_motion.jpg,empty,John,2026-10-01T12:12:52.760332-04:00
2026-09-27/201737_254539_motion.jpg,empty,John,2026-10-01T12:12:52.982804-04:00
2026-09-27/201739_287078_motion.jpg,empty,John,2026-10-01T12:12:53.161822-04:00
2026-09-27/201801_410328_motion.jpg,empty,John,2026-10-01T12:12:53.361295-04:00
2026-09-27/201806_041646_motion.jpg,empty,John,2026-10-01T12:12:53.584949-04:00
2026-09-27/201808_075288_motion.jpg,empty,John,2026-10-01T12:12:53.807386-04:00
2026-09-27/201821_501394_motion.jpg,empty,John,2026-10-01T12:12:53.986326-04:00
2026-09-27/201836_694535_motion.jpg,empty,John,2026-10-01T12:12:54.163721-04:00
2026-09-27/201838_726943_motion.jpg,empty,John,2026-10-01T12:12:54.365158-04:00
2026-09-27/201843_857901_periodic.jpg,empty,John,2026-10-01T12:12:54.543907-04:00
2026-09-27/201850_755303_motion.jpg,empty,John,2026-10-01T12:12:54.744521-04:00
2026-09-27/201852_787338_motion.jpg,empty,John,2026-10-01T12:12:54.944153-04:00
2026-09-27/201859_618657_motion.jpg,empty,John,2026-10-01T12:12:55.166621-04:00
2026-09-27/202004_988562_motion.jpg,empty,John,2026-10-01T12:12:55.345893-04:00
2026-09-27/202007_021062_motion.jpg,empty,John,2026-10-01T12:12:55.522915-04:00
2026-09-27/202226_957741_motion.jpg,empty,John,2026-10-01T12:12:55.723894-04:00
2026-09-27/202228_990333_motion.jpg,empty,John,2026-10-01T12:12:55.924050-04:00
2026-09-27/202231_722395_motion.jpg,empty,John,2026-10-01T12:12:56.123979-04:00
2026-09-27/202235_120902_motion.jpg,empty,John,2026-10-01T12:12:56.325511-04:00
2026-09-27/202237_619791_motion.jpg,empty,John,2026-10-01T12:12:56.525538-04:00
2026-09-27/202239_652765_motion.jpg,empty,John,2026-10-01T12:12:56.703438-04:00
2026-09-27/202251_013621_motion.jpg,empty,John,2026-10-01T12:12:56.925494-04:00
2026-09-27/202253_046674_motion.jpg,empty,John,2026-10-01T12:12:57.149488-04:00
2026-09-27/202417_341283_motion.jpg,empty,John,2026-10-01T12:12:57.349846-04:00
2026-09-27/202419_374736_motion.jpg,empty,John,2026-10-01T12:12:57.572095-04:00
2026-09-27/202421_406725_motion.jpg,empty,John,2026-10-01T12:12:57.772423-04:00
2026-09-27/202432_467834_motion.jpg,empty,John,2026-10-01T12:12:57.950441-04:00
2026-09-27/202434_500312_motion.jpg,empty,John,2026-10-01T12:12:58.128437-04:00
2026-09-27/202501_521418_motion.jpg,empty,John,2026-10-01T12:12:58.329506-04:00
2026-09-27/202432_467834_motion.jpg,empty,John,2026-10-01T12:13:02.201600-04:00
2026-09-27/202434_500312_motion.jpg,black_patch_cat,John,2026-10-01T12:13:05.472076-04:00
2026-09-27/202501_521418_motion.jpg,empty,John,2026-10-01T12:13:06.952446-04:00
2026-09-27/202503_521845_motion.jpg,empty,John,2026-10-01T12:13:08.947850-04:00
2026-09-27/202505_554102_motion.jpg,empty,John,2026-10-01T12:13:10.315484-04:00
2026-09-27/202527_544016_motion.jpg,empty,John,2026-10-01T12:13:10.906662-04:00
2026-09-27/202529_575990_motion.jpg,empty,John,2026-10-01T12:13:11.496362-04:00
2026-09-27/202542_502639_motion.jpg,empty,John,2026-10-01T12:13:11.950794-04:00
2026-09-27/202546_501142_motion.jpg,empty,John,2026-10-01T12:13:12.720029-04:00
2026-09-27/202548_533539_motion.jpg,empty,John,2026-10-01T12:13:13.012291-04:00
2026-09-27/202604_427153_motion.jpg,empty,John,2026-10-01T12:13:13.216597-04:00
2026-09-27/202606_459007_motion.jpg,empty,John,2026-10-01T12:13:13.599922-04:00
2026-09-27/202608_459102_motion.jpg,empty,John,2026-10-01T12:13:14.141620-04:00
2026-09-27/202627_815827_motion.jpg,empty,John,2026-10-01T12:13:14.479688-04:00
2026-09-27/202629_816149_motion.jpg,empty,John,2026-10-01T12:13:14.704327-04:00
2026-09-27/202830_660493_motion.jpg,empty,John,2026-10-01T12:13:14.907407-04:00
2026-09-27/202832_693630_motion.jpg,empty,John,2026-10-01T12:13:15.131983-04:00
2026-09-27/202834_825429_motion.jpg,empty,John,2026-10-01T12:13:15.762217-04:00
2026-09-27/202843_888441_periodic.jpg,empty,John,2026-10-01T12:13:16.010198-04:00
2026-09-27/202936_897341_motion.jpg,empty,John,2026-10-01T12:13:16.235016-04:00
2026-09-27/202938_897512_motion.jpg,empty,John,2026-10-01T12:13:16.593934-04:00
2026-09-27/203027_841751_motion.jpg,empty,John,2026-10-01T12:13:16.796595-04:00
2026-09-27/203044_834086_motion.jpg,empty,John,2026-10-01T12:13:16.975853-04:00
2026-09-27/203046_834305_motion.jpg,empty,John,2026-10-01T12:13:17.155220-04:00
2026-09-27/203142_907374_motion.jpg,empty,John,2026-10-01T12:13:17.804760-04:00
2026-09-27/203326_660539_motion.jpg,empty,John,2026-10-01T12:13:18.141308-04:00
2026-09-27/203328_693140_motion.jpg,empty,John,2026-10-01T12:13:18.365301-04:00
2026-09-27/203330_725632_motion.jpg,empty,John,2026-10-01T12:13:18.567331-04:00
2026-09-27/203349_950682_motion.jpg,empty,John,2026-10-01T12:13:19.506683-04:00
2026-09-27/203351_982774_motion.jpg,black_patch_cat,John,2026-10-01T12:13:20.714092-04:00
2026-09-27/203354_015114_motion.jpg,black_patch_cat,John,2026-10-01T12:13:21.250144-04:00
2026-09-27/203356_047580_motion.jpg,black_patch_cat,John,2026-10-01T12:13:21.674536-04:00
2026-09-27/203359_212737_motion.jpg,black_patch_cat,John,2026-10-01T12:13:22.187956-04:00
2026-09-27/203401_245180_motion.jpg,black_patch_cat,John,2026-10-01T12:13:22.679544-04:00
2026-09-27/203405_409916_motion.jpg,black_patch_cat,John,2026-10-01T12:13:23.080749-04:00
2026-09-27/203413_540098_motion.jpg,black_patch_cat,John,2026-10-01T12:13:23.527512-04:00
2026-09-27/203420_636403_motion.jpg,black_patch_cat,John,2026-10-01T12:13:24.040595-04:00
2026-09-27/203422_668911_motion.jpg,black_patch_cat,John,2026-10-01T12:13:24.665134-04:00
2026-09-27/203448_590160_motion.jpg,empty,John,2026-10-01T12:13:26.736564-04:00
2026-09-27/203450_622971_motion.jpg,empty,John,2026-10-01T12:13:26.981526-04:00
2026-09-27/203452_788621_motion.jpg,empty,John,2026-10-01T12:13:27.604309-04:00
2026-09-27/203712_425478_motion.jpg,empty,John,2026-10-01T12:13:27.781804-04:00
2026-09-27/203714_458870_motion.jpg,empty,John,2026-10-01T12:13:27.937284-04:00
2026-09-27/203716_490814_motion.jpg,empty,John,2026-10-01T12:13:28.117130-04:00
2026-09-27/203732_750025_motion.jpg,empty,John,2026-10-01T12:13:28.272298-04:00
2026-09-27/203843_918102_periodic.jpg,empty,John,2026-10-01T12:13:28.449708-04:00
2026-09-27/203923_167063_motion.jpg,empty,John,2026-10-01T12:13:28.628497-04:00
2026-09-27/203925_201035_motion.jpg,empty,John,2026-10-01T12:13:28.827462-04:00
2026-09-27/203928_731319_motion.jpg,empty,John,2026-10-01T12:13:28.961922-04:00
2026-09-27/203923_167063_motion.jpg,empty,John,2026-10-01T12:13:32.008577-04:00
2026-09-27/203925_201035_motion.jpg,black_patch_cat,John,2026-10-01T12:13:32.964754-04:00
2026-09-27/203928_731319_motion.jpg,black_patch_cat,John,2026-10-01T12:13:33.498995-04:00
2026-09-27/203930_763807_motion.jpg,black_patch_cat,John,2026-10-01T12:13:34.144188-04:00
2026-09-27/203932_796580_motion.jpg,black_patch_cat,John,2026-10-01T12:13:34.677952-04:00
2026-09-27/203934_828517_motion.jpg,black_patch_cat,John,2026-10-01T12:13:35.234813-04:00
2026-09-27/203938_861012_motion.jpg,black_patch_cat,John,2026-10-01T12:13:35.924825-04:00
2026-09-27/203940_893578_motion.jpg,empty,John,2026-10-01T12:13:38.110379-04:00
2026-09-27/204032_002736_motion.jpg,empty,John,2026-10-01T12:13:38.532844-04:00
2026-09-27/204034_035228_motion.jpg,orange_patch_cat,John,2026-10-01T12:13:39.422738-04:00
2026-09-27/204036_067366_motion.jpg,orange_patch_cat,John,2026-10-01T12:13:40.800736-04:00
2026-09-27/204039_632748_motion.jpg,orange_patch_cat,John,2026-10-01T12:13:41.645419-04:00
2026-09-27/204044_130789_motion.jpg,orange_patch_cat,John,2026-10-01T12:13:42.468186-04:00
2026-09-27/204052_960576_motion.jpg,orange_patch_cat,John,2026-10-01T12:13:43.490218-04:00
2026-09-27/204054_992677_motion.jpg,orange_patch_cat,John,2026-10-01T12:13:45.158785-04:00
2026-09-27/204057_025049_motion.jpg,orange_patch_cat,John,2026-10-01T12:13:46.447453-04:00
2026-09-27/204059_057662_motion.jpg,empty,John,2026-10-01T12:13:47.759145-04:00
2026-09-27/204101_057766_motion.jpg,empty,John,2026-10-01T12:13:48.315008-04:00
2026-09-27/204103_255643_motion.jpg,empty,John,2026-10-01T12:13:49.025901-04:00
2026-09-27/204843_948930_periodic.jpg,empty,John,2026-10-01T12:13:49.626434-04:00
2026-09-27/205843_979529_periodic.jpg,empty,John,2026-10-01T12:13:50.270700-04:00
2026-09-27/210844_011821_periodic.jpg,empty,John,2026-10-01T12:13:50.560314-04:00
2026-09-27/211844_042930_periodic.jpg,empty,John,2026-10-01T12:13:50.760355-04:00
2026-09-27/211858_469733_motion.jpg,empty,John,2026-10-01T12:13:50.938033-04:00
2026-09-27/211900_503243_motion.jpg,empty,John,2026-10-01T12:13:51.115683-04:00
2026-09-27/211902_534828_motion.jpg,empty,John,2026-10-01T12:13:51.293610-04:00
2026-09-27/212333_646457_motion.jpg,empty,John,2026-10-01T12:13:52.472581-04:00
2026-09-27/212821_816963_motion.jpg,empty,John,2026-10-01T12:13:53.050554-04:00
2026-09-27/212844_074185_periodic.jpg,empty,John,2026-10-01T12:13:53.538926-04:00
2026-09-27/212846_372589_motion.jpg,empty,John,2026-10-01T12:13:53.805741-04:00
2026-09-27/212905_697315_motion.jpg,empty,John,2026-10-01T12:13:54.094310-04:00
2026-09-27/212925_255631_motion.jpg,empty,John,2026-10-01T12:13:54.295451-04:00
2026-09-27/212943_280401_motion.jpg,empty,John,2026-10-01T12:13:54.717753-04:00
2026-09-27/213017_399493_motion.jpg,empty,John,2026-10-01T12:13:55.294966-04:00
2026-09-27/213019_431436_motion.jpg,empty,John,2026-10-01T12:13:55.539055-04:00
2026-09-27/213129_466758_motion.jpg,empty,John,2026-10-01T12:13:55.805868-04:00
2026-09-27/213140_061971_motion.jpg,empty,John,2026-10-01T12:13:56.162511-04:00
2026-09-27/213154_923098_motion.jpg,empty,John,2026-10-01T12:13:56.361825-04:00
2026-09-27/213249_663990_motion.jpg,empty,John,2026-10-01T12:13:56.539796-04:00
2026-09-27/213321_050209_motion.jpg,empty,John,2026-10-01T12:13:56.739740-04:00
2026-09-27/213323_050451_motion.jpg,empty,John,2026-10-01T12:13:56.939916-04:00
2026-09-27/213321_050209_motion.jpg,empty,John,2026-10-01T12:13:59.629806-04:00
2026-09-27/213323_050451_motion.jpg,black_patch_cat,John,2026-10-01T12:14:01.519710-04:00
2026-09-27/213325_081810_motion.jpg,black_patch_cat,John,2026-10-01T12:14:01.829927-04:00
2026-09-27/213327_114337_motion.jpg,black_patch_cat,John,2026-10-01T12:14:02.074954-04:00
2026-09-27/213337_943168_motion.jpg,black_patch_cat,John,2026-10-01T12:14:02.941637-04:00
2026-09-27/213339_975179_motion.jpg,black_patch_cat,John,2026-10-01T12:14:03.319892-04:00
2026-09-27/213359_066715_motion.jpg,black_patch_cat,John,2026-10-01T12:14:03.719554-04:00
2026-09-27/213401_099208_motion.jpg,black_patch_cat,John,2026-10-01T12:14:04.119985-04:00
2026-09-27/213416_326079_motion.jpg,black_patch_cat,John,2026-10-01T12:14:04.697401-04:00
2026-09-27/213430_819337_motion.jpg,black_patch_cat,John,2026-10-01T12:14:05.098077-04:00
2026-09-27/213432_819555_motion.jpg,black_patch_cat,John,2026-10-01T12:14:05.542278-04:00
2026-09-27/213434_850834_motion.jpg,black_patch_cat,John,2026-10-01T12:14:05.986951-04:00
2026-09-27/213436_883289_motion.jpg,black_patch_cat,John,2026-10-01T12:14:06.521121-04:00
2026-09-27/213438_917181_motion.jpg,black_patch_cat,John,2026-10-01T12:14:07.099102-04:00
2026-09-27/213440_948135_motion.jpg,empty,John,2026-10-01T12:14:08.588464-04:00
2026-09-27/213442_981632_motion.jpg,empty,John,2026-10-01T12:14:08.831830-04:00
2026-09-27/213457_608425_motion.jpg,empty,John,2026-10-01T12:14:08.988317-04:00
2026-09-27/213632_598260_motion.jpg,empty,John,2026-10-01T12:14:09.197166-04:00
2026-09-27/213650_624619_motion.jpg,empty,John,2026-10-01T12:14:09.430950-04:00
2026-09-27/213659_619584_motion.jpg,empty,John,2026-10-01T12:14:09.664895-04:00
2026-09-27/213706_217786_motion.jpg,empty,John,2026-10-01T12:14:09.827024-04:00
2026-09-27/213708_249752_motion.jpg,empty,John,2026-10-01T12:14:09.967227-04:00
2026-09-27/213710_281735_motion.jpg,empty,John,2026-10-01T12:14:10.222514-04:00
2026-09-27/213844_006697_motion.jpg,empty,John,2026-10-01T12:14:10.407614-04:00
2026-09-27/213844_105980_periodic.jpg,empty,John,2026-10-01T12:14:10.616892-04:00
2026-09-27/214844_138569_periodic.jpg,empty,John,2026-10-01T12:14:10.802555-04:00
2026-09-27/215844_169689_periodic.jpg,empty,John,2026-10-01T12:14:11.011421-04:00
2026-09-27/220844_201095_periodic.jpg,empty,John,2026-10-01T12:14:11.195766-04:00
2026-09-27/221435_008217_motion.jpg,empty,John,2026-10-01T12:14:11.380202-04:00
2026-09-27/221550_041259_motion.jpg,empty,John,2026-10-01T12:14:11.564485-04:00
2026-09-27/221556_305013_motion.jpg,empty,John,2026-10-01T12:14:11.749105-04:00
2026-09-27/221558_305270_motion.jpg,empty,John,2026-10-01T12:14:11.957172-04:00
2026-09-27/221749_354873_motion.jpg,empty,John,2026-10-01T12:14:12.164371-04:00
2026-09-27/221831_835013_motion.jpg,empty,John,2026-10-01T12:14:12.463349-04:00
2026-09-27/221844_230482_periodic.jpg,empty,John,2026-10-01T12:14:12.669507-04:00
2026-09-27/222619_226085_motion.jpg,empty,John,2026-10-01T12:14:12.875409-04:00
2026-09-27/222621_258640_motion.jpg,empty,John,2026-10-01T12:14:13.082486-04:00
2026-09-27/222623_290046_motion.jpg,empty,John,2026-10-01T12:14:13.265359-04:00
2026-09-27/222619_226085_motion.jpg,empty,John,2026-10-01T12:14:15.523477-04:00
2026-09-27/222621_258640_motion.jpg,black_patch_cat,John,2026-10-01T12:14:16.249599-04:00
2026-09-27/222623_290046_motion.jpg,black_patch_cat,John,2026-10-01T12:14:16.476409-04:00
2026-09-27/222626_988290_motion.jpg,black_patch_cat,John,2026-10-01T12:14:16.952229-04:00
2026-09-27/222637_117518_motion.jpg,black_patch_cat,John,2026-10-01T12:14:17.156293-04:00
2026-09-27/222639_150676_motion.jpg,black_patch_cat,John,2026-10-01T12:14:17.381889-04:00
2026-09-27/222641_182037_motion.jpg,black_patch_cat,John,2026-10-01T12:14:17.608004-04:00
2026-09-27/222637_117518_motion.jpg,black_patch_cat,John,2026-10-01T12:14:21.392821-04:00
2026-09-27/222639_150676_motion.jpg,empty,John,2026-10-01T12:14:22.783245-04:00
2026-09-27/222641_182037_motion.jpg,empty,John,2026-10-01T12:14:23.791640-04:00
2026-09-27/222652_043955_motion.jpg,empty,John,2026-10-01T12:14:24.306615-04:00
2026-09-27/222654_076529_motion.jpg,empty,John,2026-10-01T12:14:24.507275-04:00
2026-09-27/222656_109010_motion.jpg,empty,John,2026-10-01T12:14:25.089634-04:00
2026-09-27/222844_260344_periodic.jpg,empty,John,2026-10-01T12:14:25.536907-04:00
2026-09-27/222955_828227_motion.jpg,empty,John,2026-10-01T12:14:25.759773-04:00
2026-09-27/222957_860345_motion.jpg,empty,John,2026-10-01T12:14:26.163201-04:00
2026-09-27/223000_059405_motion.jpg,empty,John,2026-10-01T12:14:26.676095-04:00
2026-09-27/223007_555977_motion.jpg,empty,John,2026-10-01T12:14:26.899902-04:00
2026-09-27/223013_919920_motion.jpg,empty,John,2026-10-01T12:14:27.212928-04:00
2026-09-27/223015_953511_motion.jpg,empty,John,2026-10-01T12:14:27.614986-04:00
2026-09-27/223019_983929_motion.jpg,empty,John,2026-10-01T12:14:27.972180-04:00
2026-09-27/223021_984140_motion.jpg,empty,John,2026-10-01T12:14:28.194378-04:00
2026-09-27/223844_290809_periodic.jpg,empty,John,2026-10-01T12:14:28.618970-04:00
2026-09-27/224232_554871_motion.jpg,empty,John,2026-10-01T12:14:28.819727-04:00
2026-09-27/224234_588485_motion.jpg,empty,John,2026-10-01T12:14:29.019976-04:00
2026-09-27/224245_350181_motion.jpg,empty,John,2026-10-01T12:14:29.199066-04:00
2026-09-27/224247_382903_motion.jpg,empty,John,2026-10-01T12:14:29.377380-04:00
2026-09-27/224844_321636_periodic.jpg,empty,John,2026-10-01T12:14:29.578114-04:00
2026-09-27/225844_351931_periodic.jpg,empty,John,2026-10-01T12:14:29.756638-04:00
2026-09-27/230844_383065_periodic.jpg,empty,John,2026-10-01T12:14:29.957564-04:00
2026-09-27/231844_414612_periodic.jpg,empty,John,2026-10-01T12:14:30.113717-04:00
2026-09-27/232844_446739_periodic.jpg,empty,John,2026-10-01T12:14:30.313430-04:00
2026-09-27/233844_477336_periodic.jpg,empty,John,2026-10-01T12:14:30.491431-04:00
2026-09-27/234844_508432_periodic.jpg,empty,John,2026-10-01T12:14:30.714819-04:00
2026-09-27/235844_537850_periodic.jpg,empty,John,2026-10-01T12:14:30.893116-04:00
2026-09-28/000844_568607_periodic.jpg,empty,John,2026-10-01T12:14:31.071586-04:00
2026-09-28/001844_598732_periodic.jpg,empty,John,2026-10-01T12:14:31.272048-04:00
2026-09-28/002844_629456_periodic.jpg,empty,John,2026-10-01T12:14:31.473126-04:00
2026-09-28/003844_659261_periodic.jpg,empty,John,2026-10-01T12:14:31.672506-04:00
2026-09-28/004844_691258_periodic.jpg,empty,John,2026-10-01T12:14:31.851791-04:00
2026-09-28/005844_720790_periodic.jpg,empty,John,2026-10-01T12:14:32.028924-04:00
2026-09-28/010844_752077_periodic.jpg,empty,John,2026-10-01T12:14:32.230476-04:00
2026-09-28/011844_782707_periodic.jpg,empty,John,2026-10-01T12:14:32.429725-04:00
2026-09-28/012844_813799_periodic.jpg,empty,John,2026-10-01T12:14:32.631563-04:00
2026-09-28/013844_843321_periodic.jpg,empty,John,2026-10-01T12:14:32.809664-04:00
2026-09-28/014844_874690_periodic.jpg,empty,John,2026-10-01T12:14:32.965275-04:00
2026-09-28/015844_905165_periodic.jpg,empty,John,2026-10-01T12:14:33.165135-04:00
2026-09-28/020844_934707_periodic.jpg,empty,John,2026-10-01T12:14:33.365330-04:00
2026-09-28/021844_963991_periodic.jpg,empty,John,2026-10-01T12:14:33.566611-04:00
2026-09-28/022844_994209_periodic.jpg,empty,John,2026-10-01T12:14:33.744023-04:00
2026-09-28/023845_023957_periodic.jpg,empty,John,2026-10-01T12:14:33.967203-04:00
2026-09-28/024845_055466_periodic.jpg,empty,John,2026-10-01T12:14:34.167205-04:00
2026-09-28/025845_085534_periodic.jpg,empty,John,2026-10-01T12:14:34.345202-04:00
2026-09-28/030845_117833_periodic.jpg,empty,John,2026-10-01T12:14:34.545142-04:00
2026-09-28/031845_146905_periodic.jpg,empty,John,2026-10-01T12:14:34.768334-04:00
2026-09-28/032845_177810_periodic.jpg,empty,John,2026-10-01T12:14:34.968166-04:00
2026-09-28/033845_207709_periodic.jpg,empty,John,2026-10-01T12:14:35.124152-04:00
2026-09-28/034845_238677_periodic.jpg,empty,John,2026-10-01T12:14:35.324132-04:00
2026-09-28/035845_268910_periodic.jpg,empty,John,2026-10-01T12:14:35.502749-04:00
2026-09-28/040845_300517_periodic.jpg,empty,John,2026-10-01T12:14:35.681029-04:00
2026-09-28/041845_329872_periodic.jpg,empty,John,2026-10-01T12:14:35.880774-04:00
2026-09-28/042845_360745_periodic.jpg,empty,John,2026-10-01T12:14:36.058855-04:00
2026-09-28/043845_391121_periodic.jpg,empty,John,2026-10-01T12:14:36.281528-04:00
2026-09-28/044845_422006_periodic.jpg,empty,John,2026-10-01T12:14:36.459660-04:00
2026-09-28/045845_452437_periodic.jpg,empty,John,2026-10-01T12:14:36.659462-04:00
2026-09-28/050516_143797_motion.jpg,empty,John,2026-10-01T12:14:36.837746-04:00
2026-09-28/050518_144205_motion.jpg,empty,John,2026-10-01T12:14:37.016265-04:00
2026-09-28/050526_605767_motion.jpg,empty,John,2026-10-01T12:14:37.639269-04:00
2026-09-28/050528_672656_motion.jpg,empty,John,2026-10-01T12:14:37.995224-04:00
2026-09-28/050615_483757_motion.jpg,empty,John,2026-10-01T12:14:38.396240-04:00
2026-09-28/050617_516254_motion.jpg,empty,John,2026-10-01T12:14:38.729048-04:00
2026-09-28/050623_480175_motion.jpg,empty,John,2026-10-01T12:14:39.107617-04:00
2026-09-28/050625_512729_motion.jpg,empty,John,2026-10-01T12:14:39.329714-04:00
2026-09-28/050845_483590_periodic.jpg,empty,John,2026-10-01T12:14:39.508622-04:00
2026-09-28/051845_513724_periodic.jpg,empty,John,2026-10-01T12:14:39.685996-04:00
2026-09-28/052845_544217_periodic.jpg,empty,John,2026-10-01T12:14:39.864663-04:00
2026-09-28/053845_573472_periodic.jpg,empty,John,2026-10-01T12:14:40.064371-04:00
2026-09-28/054352_901701_motion.jpg,empty,John,2026-10-01T12:14:40.264451-04:00
2026-09-28/054354_935933_motion.jpg,empty,John,2026-10-01T12:14:40.442152-04:00
2026-09-28/054400_398765_motion.jpg,empty,John,2026-10-01T12:14:40.642498-04:00
2026-09-28/054402_432125_motion.jpg,empty,John,2026-10-01T12:14:40.821044-04:00
2026-09-28/054845_603495_periodic.jpg,empty,John,2026-10-01T12:14:41.022340-04:00
2026-09-28/055514_262212_motion.jpg,empty,John,2026-10-01T12:14:41.232181-04:00
2026-09-28/055516_295930_motion.jpg,empty,John,2026-10-01T12:14:41.419270-04:00
2026-09-28/055845_633915_periodic.jpg,empty,John,2026-10-01T12:14:41.629272-04:00
2026-09-28/060656_915163_motion.jpg,empty,John,2026-10-01T12:14:42.165392-04:00
2026-09-28/060658_947048_motion.jpg,empty,John,2026-10-01T12:14:42.397185-04:00
2026-09-28/060705_911188_motion.jpg,empty,John,2026-10-01T12:14:42.606037-04:00
2026-09-28/060745_259679_motion.jpg,empty,John,2026-10-01T12:14:43.186452-04:00
2026-09-28/060747_293629_motion.jpg,empty,John,2026-10-01T12:14:43.392992-04:00
2026-09-28/060749_324594_motion.jpg,empty,John,2026-10-01T12:14:43.577700-04:00
2026-09-28/060845_666414_periodic.jpg,empty,John,2026-10-01T12:14:43.993580-04:00
2026-09-28/061552_042335_motion.jpg,empty,John,2026-10-01T12:14:44.246543-04:00
2026-09-28/061845_698104_periodic.jpg,empty,John,2026-10-01T12:14:44.430191-04:00
2026-09-28/062845_729393_periodic.jpg,empty,John,2026-10-01T12:14:44.660627-04:00
2026-09-28/063845_759989_periodic.jpg,empty,John,2026-10-01T12:14:44.867785-04:00
2026-09-28/064845_790428_periodic.jpg,empty,John,2026-10-01T12:14:45.073408-04:00
2026-09-28/065845_820341_periodic.jpg,empty,John,2026-10-01T12:14:45.279983-04:00
2026-09-28/070845_851816_periodic.jpg,empty,John,2026-10-01T12:14:45.462682-04:00
2026-09-28/071018_544107_motion.jpg,empty,John,2026-10-01T12:14:45.691981-04:00
2026-09-28/071020_577039_motion.jpg,empty,John,2026-10-01T12:14:45.875378-04:00
2026-09-28/071120_349645_motion.jpg,empty,John,2026-10-01T12:14:46.080417-04:00
2026-09-28/071122_381655_motion.jpg,empty,John,2026-10-01T12:14:46.308954-04:00
2026-09-28/071126_646071_motion.jpg,empty,John,2026-10-01T12:14:46.514087-04:00
2026-09-28/071149_869631_motion.jpg,empty,John,2026-10-01T12:14:46.718584-04:00
2026-09-28/071307_000418_motion.jpg,empty,John,2026-10-01T12:14:47.174633-04:00
2026-09-28/071310_598932_motion.jpg,empty,John,2026-10-01T12:14:47.379418-04:00
2026-09-28/071312_631837_motion.jpg,empty,John,2026-10-01T12:14:47.584245-04:00
2026-09-28/071314_664866_motion.jpg,empty,John,2026-10-01T12:14:47.789527-04:00
2026-09-28/071318_129316_motion.jpg,empty,John,2026-10-01T12:14:48.016880-04:00
2026-09-28/071320_429159_motion.jpg,empty,John,2026-10-01T12:14:48.219720-04:00
2026-09-28/071322_461726_motion.jpg,empty,John,2026-10-01T12:14:48.787093-04:00
2026-09-28/071324_493084_motion.jpg,empty,John,2026-10-01T12:14:49.059754-04:00
2026-09-28/071337_453776_motion.jpg,empty,John,2026-10-01T12:14:49.285926-04:00
2026-09-28/071357_577737_motion.jpg,empty,John,2026-10-01T12:14:49.489373-04:00
2026-09-28/071813_295959_motion.jpg,empty,John,2026-10-01T12:14:49.714791-04:00
2026-09-28/071845_881284_periodic.jpg,empty,John,2026-10-01T12:14:49.918629-04:00
2026-09-28/072126_642201_motion.jpg,empty,John,2026-10-01T12:14:50.166765-04:00
2026-09-28/072128_674928_motion.jpg,empty,John,2026-10-01T12:14:50.392315-04:00
2026-09-28/072128_674928_motion.jpg,black_patch_cat,John,2026-10-01T12:14:55.450532-04:00
2026-09-28/072212_754840_motion.jpg,empty,John,2026-10-01T12:14:56.323263-04:00
2026-09-28/072214_787438_motion.jpg,black_patch_cat,John,2026-10-01T12:14:58.514511-04:00
2026-09-28/072216_819850_motion.jpg,black_patch_cat,John,2026-10-01T12:14:58.849009-04:00
2026-09-28/072218_852251_motion.jpg,empty,John,2026-10-01T12:14:59.876009-04:00
2026-09-28/072845_911803_periodic.jpg,empty,John,2026-10-01T12:15:00.500892-04:00
2026-09-28/073032_163745_motion.jpg,empty,John,2026-10-01T12:15:00.880433-04:00
2026-09-28/073034_196165_motion.jpg,black_patch_cat,John,2026-10-01T12:15:01.905684-04:00
2026-09-28/073036_395237_motion.jpg,black_patch_cat,John,2026-10-01T12:15:02.485001-04:00
2026-09-28/073041_726083_motion.jpg,black_patch_cat,John,2026-10-01T12:15:03.041266-04:00
2026-09-28/073043_758640_motion.jpg,black_patch_cat,John,2026-10-01T12:15:03.598719-04:00
2026-09-28/073045_790983_motion.jpg,black_patch_cat,John,2026-10-01T12:15:04.311160-04:00
2026-09-28/073048_090028_motion.jpg,black_patch_cat,John,2026-10-01T12:15:05.000554-04:00
2026-09-28/073845_941793_periodic.jpg,empty,John,2026-10-01T12:15:06.379976-04:00
2026-09-28/074845_972501_periodic.jpg,empty,John,2026-10-01T12:15:06.825072-04:00
2026-09-28/075846_002168_periodic.jpg,empty,John,2026-10-01T12:15:07.403471-04:00
2026-09-28/080524_955768_motion.jpg,empty,John,2026-10-01T12:15:07.848533-04:00
2026-09-28/080846_033018_periodic.jpg,empty,John,2026-10-01T12:15:08.248252-04:00
2026-09-28/081124_329052_motion.jpg,empty,John,2026-10-01T12:15:08.737075-04:00
2026-09-28/081846_062733_periodic.jpg,empty,John,2026-10-01T12:15:09.337765-04:00
2026-09-28/082846_094443_periodic.jpg,empty,John,2026-10-01T12:15:09.782185-04:00
2026-09-28/083846_124632_periodic.jpg,empty,John,2026-10-01T12:15:10.316802-04:00
2026-09-28/084203_102620_motion.jpg,empty,John,2026-10-01T12:15:10.761578-04:00
2026-09-28/084846_155558_periodic.jpg,empty,John,2026-10-01T12:15:11.295321-04:00
2026-09-28/085009_817410_motion.jpg,empty,John,2026-10-01T12:15:11.851901-04:00
2026-09-28/085846_185547_periodic.jpg,empty,John,2026-10-01T12:15:12.385743-04:00
2026-09-28/090846_216236_periodic.jpg,empty,John,2026-10-01T12:15:12.853426-04:00
2026-09-28/091846_246664_periodic.jpg,empty,John,2026-10-01T12:15:13.752796-04:00
2026-09-28/092846_277360_periodic.jpg,empty,John,2026-10-01T12:15:14.174821-04:00
2026-09-28/093846_307413_periodic.jpg,empty,John,2026-10-01T12:15:14.597211-04:00
2026-09-28/094846_339145_periodic.jpg,empty,John,2026-10-01T12:15:15.019215-04:00
2026-09-28/095846_369332_periodic.jpg,empty,John,2026-10-01T12:15:15.441894-04:00
2026-09-28/100846_399979_periodic.jpg,empty,John,2026-10-01T12:15:15.819699-04:00
2026-09-28/101011_261794_motion.jpg,empty,John,2026-10-01T12:15:16.241503-04:00
2026-09-28/101013_294182_motion.jpg,empty,John,2026-10-01T12:15:16.642102-04:00
2026-09-28/101127_561855_motion.jpg,empty,John,2026-10-01T12:15:17.020441-04:00
2026-09-28/101129_593181_motion.jpg,empty,John,2026-10-01T12:15:17.398708-04:00
2026-09-28/101846_430160_periodic.jpg,empty,John,2026-10-01T12:15:17.798050-04:00
2026-09-28/102011_991451_motion.jpg,empty,John,2026-10-01T12:15:18.220499-04:00
2026-09-28/102014_024252_motion.jpg,empty,John,2026-10-01T12:15:18.576736-04:00
2026-09-28/102016_024524_motion.jpg,empty,John,2026-10-01T12:15:18.954308-04:00
2026-09-28/102018_055950_motion.jpg,empty,John,2026-10-01T12:15:19.688350-04:00
2026-09-28/102020_056101_motion.jpg,empty,John,2026-10-01T12:15:20.043962-04:00
2026-09-28/102032_815516_motion.jpg,empty,John,2026-10-01T12:15:20.310886-04:00
2026-09-28/102034_816010_motion.jpg,empty,John,2026-10-01T12:15:20.532267-04:00
2026-09-28/102036_847705_motion.jpg,empty,John,2026-10-01T12:15:20.732142-04:00
2026-09-28/102532_081503_motion.jpg,empty,John,2026-10-01T12:15:21.310575-04:00
2026-09-28/102534_113846_motion.jpg,empty,John,2026-10-01T12:15:21.510357-04:00
2026-09-28/102735_326035_motion.jpg,empty,John,2026-10-01T12:15:21.710529-04:00
2026-09-28/102737_359590_motion.jpg,empty,John,2026-10-01T12:15:21.889114-04:00
2026-09-28/102737_359590_motion.jpg,black_patch_cat,John,2026-10-01T12:15:24.222473-04:00
2026-09-28/102739_391002_motion.jpg,empty,John,2026-10-01T12:15:24.822750-04:00
2026-09-28/102846_461101_periodic.jpg,empty,John,2026-10-01T12:15:25.267767-04:00
2026-09-28/102853_790670_motion.jpg,empty,John,2026-10-01T12:15:25.778329-04:00
2026-09-28/102856_589508_motion.jpg,empty,John,2026-10-01T12:15:26.200960-04:00
2026-09-28/103153_543747_motion.jpg,empty,John,2026-10-01T12:15:26.712299-04:00
2026-09-28/103846_491601_periodic.jpg,empty,John,2026-10-01T12:15:27.134523-04:00
2026-09-28/104846_522378_periodic.jpg,empty,John,2026-10-01T12:15:27.512231-04:00
2026-09-28/105846_552953_periodic.jpg,empty,John,2026-10-01T12:15:27.889997-04:00
2026-09-28/110846_584067_periodic.jpg,empty,John,2026-10-01T12:15:28.201238-04:00
2026-09-28/111846_614162_periodic.jpg,empty,John,2026-10-01T12:15:28.446445-04:00
2026-09-28/112846_645012_periodic.jpg,empty,John,2026-10-01T12:15:28.646387-04:00
2026-09-28/113846_675400_periodic.jpg,empty,John,2026-10-01T12:15:28.868095-04:00
2026-09-28/114039_624538_motion.jpg,empty,John,2026-10-01T12:15:29.090470-04:00
2026-09-28/114039_624538_motion.jpg,orange_patch_cat,John,2026-10-01T12:15:33.691124-04:00
2026-09-28/114041_656885_motion.jpg,empty,John,2026-10-01T12:15:36.448228-04:00
2026-09-28/114043_689491_motion.jpg,empty,John,2026-10-01T12:15:37.469106-04:00
2026-09-28/114846_705926_periodic.jpg,empty,John,2026-10-01T12:15:38.047387-04:00
2026-09-28/115846_735117_periodic.jpg,empty,John,2026-10-01T12:15:38.269734-04:00
2026-09-28/120846_766292_periodic.jpg,empty,John,2026-10-01T12:15:38.758708-04:00
2026-09-28/120852_896631_motion.jpg,empty,John,2026-10-01T12:15:39.025486-04:00
2026-09-28/120854_929192_motion.jpg,empty,John,2026-10-01T12:15:39.224582-04:00
2026-09-28/120857_761607_motion.jpg,empty,John,2026-10-01T12:15:39.402347-04:00
2026-09-28/120902_892149_motion.jpg,empty,John,2026-10-01T12:15:39.581315-04:00
2026-09-28/120904_924592_motion.jpg,empty,John,2026-10-01T12:15:39.735668-04:00
2026-09-28/120906_924772_motion.jpg,empty,John,2026-10-01T12:15:39.914611-04:00
2026-09-28/120904_924592_motion.jpg,orange_patch_cat,John,2026-10-01T12:15:41.914406-04:00
2026-09-28/120906_924772_motion.jpg,orange_patch_cat,John,2026-10-01T12:15:44.205791-04:00
2026-09-28/121846_796197_periodic.jpg,empty,John,2026-10-01T12:15:45.226470-04:00
2026-09-28/122846_826613_periodic.jpg,empty,John,2026-10-01T12:15:45.426742-04:00
2026-09-28/123459_925102_motion.jpg,empty,John,2026-10-01T12:15:45.626303-04:00
2026-09-28/123846_856674_periodic.jpg,empty,John,2026-10-01T12:15:45.803799-04:00
2026-09-28/124137_313259_motion.jpg,empty,John,2026-10-01T12:15:45.981596-04:00
2026-09-28/124140_511844_motion.jpg,empty,John,2026-10-01T12:15:46.167477-04:00
2026-09-28/124651_005434_motion.jpg,empty,John,2026-10-01T12:15:46.354203-04:00
2026-09-28/124846_887192_periodic.jpg,empty,John,2026-10-01T12:15:46.540761-04:00
2026-09-28/125103_525610_motion.jpg,empty,John,2026-10-01T12:15:46.751800-04:00
2026-09-28/125105_559103_motion.jpg,empty,John,2026-10-01T12:15:46.961063-04:00
2026-09-28/125506_783911_motion.jpg,empty,John,2026-10-01T12:15:47.170648-04:00
2026-09-28/125846_917309_periodic.jpg,empty,John,2026-10-01T12:15:47.356474-04:00
2026-09-28/130720_586771_motion.jpg,empty,John,2026-10-01T12:15:47.541068-04:00
2026-09-28/130722_618780_motion.jpg,empty,John,2026-10-01T12:15:47.750504-04:00
2026-09-28/130846_947845_periodic.jpg,empty,John,2026-10-01T12:15:47.936479-04:00
2026-09-28/130923_764248_motion.jpg,empty,John,2026-10-01T12:15:48.144323-04:00
2026-09-28/130925_797116_motion.jpg,empty,John,2026-10-01T12:15:48.352354-04:00
2026-09-28/130927_829402_motion.jpg,empty,John,2026-10-01T12:15:48.536521-04:00
2026-09-28/130925_797116_motion.jpg,orange_patch_cat,John,2026-10-01T12:15:51.084877-04:00
2026-09-28/130927_829402_motion.jpg,empty,John,2026-10-01T12:15:51.654130-04:00
2026-09-28/130929_861831_motion.jpg,empty,John,2026-10-01T12:15:52.952011-04:00
2026-09-28/130931_895345_motion.jpg,empty,John,2026-10-01T12:15:53.587238-04:00
2026-09-28/130947_453637_motion.jpg,empty,John,2026-10-01T12:15:54.243140-04:00
2026-09-28/130957_649229_motion.jpg,empty,John,2026-10-01T12:15:54.763221-04:00
2026-09-28/131154_996232_motion.jpg,empty,John,2026-10-01T12:15:55.350864-04:00
2026-09-28/131157_028873_motion.jpg,empty,John,2026-10-01T12:15:56.005398-04:00
2026-09-28/131206_891124_motion.jpg,empty,John,2026-10-01T12:15:56.522657-04:00
2026-09-28/131208_923432_motion.jpg,empty,John,2026-10-01T12:15:57.153158-04:00
2026-09-28/131626_774147_motion.jpg,empty,John,2026-10-01T12:15:57.693693-04:00
2026-09-28/131628_806573_motion.jpg,empty,John,2026-10-01T12:15:58.255680-04:00
2026-09-28/131631_905184_motion.jpg,empty,John,2026-10-01T12:15:58.883518-04:00
2026-09-28/131846_978104_periodic.jpg,empty,John,2026-10-01T12:15:59.443982-04:00
2026-09-28/131924_761092_motion.jpg,empty,John,2026-10-01T12:16:00.072292-04:00
2026-09-28/131926_793483_motion.jpg,empty,John,2026-10-01T12:16:00.564675-04:00
2026-09-28/132010_241096_motion.jpg,empty,John,2026-10-01T12:16:01.080251-04:00
2026-09-28/132034_662819_motion.jpg,empty,John,2026-10-01T12:16:01.550525-04:00
2026-09-28/132047_256764_motion.jpg,empty,John,2026-10-01T12:16:02.019622-04:00
2026-09-28/132049_289516_motion.jpg,empty,John,2026-10-01T12:16:02.512301-04:00
2026-09-28/132053_587635_motion.jpg,empty,John,2026-10-01T12:16:02.936311-04:00
2026-09-28/132428_291159_motion.jpg,empty,John,2026-10-01T12:16:03.360871-04:00
2026-09-28/132847_009499_periodic.jpg,empty,John,2026-10-01T12:16:03.718633-04:00
2026-09-28/133226_278356_motion.jpg,empty,John,2026-10-01T12:16:04.075818-04:00
2026-09-28/133847_041391_periodic.jpg,empty,John,2026-10-01T12:16:04.387710-04:00
2026-09-28/134847_073266_periodic.jpg,empty,John,2026-10-01T12:16:04.700628-04:00
2026-09-28/134858_201107_motion.jpg,empty,John,2026-10-01T12:16:05.080476-04:00
2026-09-28/134900_233749_motion.jpg,empty,John,2026-10-01T12:16:05.348021-04:00
2026-09-28/134905_431369_motion.jpg,empty,John,2026-10-01T12:16:05.906485-04:00
2026-09-28/134907_464161_motion.jpg,empty,John,2026-10-01T12:16:06.263224-04:00
2026-09-28/134910_762302_motion.jpg,empty,John,2026-10-01T12:16:06.620434-04:00
2026-09-28/134924_822944_motion.jpg,empty,John,2026-10-01T12:16:06.998248-04:00
2026-09-28/134926_855744_motion.jpg,empty,John,2026-10-01T12:16:07.355296-04:00
2026-09-28/135041_255084_motion.jpg,empty,John,2026-10-01T12:16:07.779214-04:00
2026-09-28/135052_916694_motion.jpg,empty,John,2026-10-01T12:16:08.091586-04:00
2026-09-28/135054_948931_motion.jpg,empty,John,2026-10-01T12:16:08.580915-04:00
2026-09-28/135133_898143_motion.jpg,empty,John,2026-10-01T12:16:09.048802-04:00
2026-09-28/135137_663136_motion.jpg,empty,John,2026-10-01T12:16:09.427269-04:00
2026-09-28/135631_864926_motion.jpg,empty,John,2026-10-01T12:16:09.805687-04:00
2026-09-28/135633_897079_motion.jpg,empty,John,2026-10-01T12:16:10.072675-04:00
2026-09-28/135635_929362_motion.jpg,empty,John,2026-10-01T12:16:10.764118-04:00
2026-09-28/135648_657484_motion.jpg,empty,John,2026-10-01T12:16:10.986248-04:00
2026-09-28/135650_689463_motion.jpg,empty,John,2026-10-01T12:16:11.208477-04:00
2026-09-28/135847_104133_periodic.jpg,empty,John,2026-10-01T12:16:11.407896-04:00
2026-09-28/140847_133659_periodic.jpg,empty,John,2026-10-01T12:16:11.586831-04:00
2026-09-28/141319_244175_motion.jpg,empty,John,2026-10-01T12:16:11.853994-04:00
2026-09-28/141432_278022_motion.jpg,empty,John,2026-10-01T12:16:12.098683-04:00
2026-09-28/141434_310478_motion.jpg,empty,John,2026-10-01T12:16:12.277012-04:00
2026-09-28/141436_343247_motion.jpg,empty,John,2026-10-01T12:16:12.454759-04:00
2026-09-28/141434_310478_motion.jpg,empty,John,2026-10-01T12:16:14.568886-04:00
2026-09-28/141436_343247_motion.jpg,black_patch_cat,John,2026-10-01T12:16:15.703749-04:00
2026-09-28/141438_375882_motion.jpg,black_patch_cat,John,2026-10-01T12:16:16.593739-04:00
2026-09-28/141440_375949_motion.jpg,black_patch_cat,John,2026-10-01T12:16:17.104905-04:00
2026-09-28/141448_304391_motion.jpg,black_patch_cat,John,2026-10-01T12:16:17.594184-04:00
2026-09-28/141451_869592_motion.jpg,black_patch_cat,John,2026-10-01T12:16:18.017009-04:00
2026-09-28/141509_727831_motion.jpg,black_patch_cat,John,2026-10-01T12:16:18.954535-04:00
2026-09-28/141514_525727_motion.jpg,black_patch_cat,John,2026-10-01T12:16:19.465915-04:00
2026-09-28/141516_558500_motion.jpg,black_patch_cat,John,2026-10-01T12:16:19.954611-04:00
2026-09-28/141521_855881_motion.jpg,black_patch_cat,John,2026-10-01T12:16:20.465851-04:00
2026-09-28/141529_885415_motion.jpg,black_patch_cat,John,2026-10-01T12:16:20.865555-04:00
2026-09-28/141531_917976_motion.jpg,black_patch_cat,John,2026-10-01T12:16:21.310666-04:00
2026-09-28/141533_950802_motion.jpg,empty,John,2026-10-01T12:16:23.132724-04:00
2026-09-28/141542_479810_motion.jpg,black_patch_cat,John,2026-10-01T12:16:23.711130-04:00
2026-09-28/141533_950802_motion.jpg,black_patch_cat,John,2026-10-01T12:16:27.201198-04:00
2026-09-28/141542_479810_motion.jpg,black_patch_cat,John,2026-10-01T12:16:27.378383-04:00
2026-09-28/141542_479810_motion.jpg,black_patch_cat,John,2026-10-01T12:16:29.467765-04:00
2026-09-28/141847_163314_periodic.jpg,empty,John,2026-10-01T12:16:29.979441-04:00
2026-09-28/142847_194120_periodic.jpg,empty,John,2026-10-01T12:16:30.357374-04:00
2026-09-28/143847_224578_periodic.jpg,empty,John,2026-10-01T12:16:30.824586-04:00
2026-09-28/144847_256279_periodic.jpg,empty,John,2026-10-01T12:16:31.090702-04:00
2026-09-28/145127_917166_motion.jpg,empty,John,2026-10-01T12:16:31.290828-04:00
2026-09-28/145847_286643_periodic.jpg,empty,John,2026-10-01T12:16:31.491262-04:00
2026-09-28/150847_317430_periodic.jpg,empty,John,2026-10-01T12:16:31.668748-04:00
2026-09-28/151847_347890_periodic.jpg,empty,John,2026-10-01T12:16:32.157604-04:00
2026-09-28/152847_378728_periodic.jpg,empty,John,2026-10-01T12:16:32.446770-04:00
2026-09-28/153847_408901_periodic.jpg,empty,John,2026-10-01T12:16:32.691275-04:00
2026-09-28/154847_439655_periodic.jpg,empty,John,2026-10-01T12:16:32.934898-04:00
2026-09-28/155847_469785_periodic.jpg,empty,John,2026-10-01T12:16:33.134741-04:00
2026-09-28/160847_500479_periodic.jpg,empty,John,2026-10-01T12:16:33.335308-04:00
2026-09-28/161847_530953_periodic.jpg,empty,John,2026-10-01T12:16:33.534956-04:00
2026-09-28/162847_563009_periodic.jpg,empty,John,2026-10-01T12:16:33.735172-04:00
2026-09-28/163847_593613_periodic.jpg,empty,John,2026-10-01T12:16:33.912563-04:00
2026-09-28/164248_985672_motion.jpg,empty,John,2026-10-01T12:16:34.113216-04:00
2026-09-28/164300_280262_motion.jpg,empty,John,2026-10-01T12:16:34.313550-04:00
2026-09-28/164318_838509_motion.jpg,empty,John,2026-10-01T12:16:34.491153-04:00
2026-09-28/164422_976415_motion.jpg,empty,John,2026-10-01T12:16:34.935205-04:00
2026-09-28/164425_008825_motion.jpg,empty,John,2026-10-01T12:16:35.135049-04:00
2026-09-28/164623_689323_motion.jpg,empty,John,2026-10-01T12:16:35.335855-04:00
2026-09-28/164625_721411_motion.jpg,empty,John,2026-10-01T12:16:35.513289-04:00
2026-09-28/164847_624709_periodic.jpg,empty,John,2026-10-01T12:16:35.757161-04:00
2026-09-28/165150_742869_motion.jpg,empty,John,2026-10-01T12:16:36.090787-04:00
2026-09-28/165152_774889_motion.jpg,empty,John,2026-10-01T12:16:36.357897-04:00
2026-09-28/165206_768505_motion.jpg,empty,John,2026-10-01T12:16:36.690855-04:00
2026-09-28/165225_992881_motion.jpg,empty,John,2026-10-01T12:16:36.913268-04:00
2026-09-28/165228_025542_motion.jpg,empty,John,2026-10-01T12:16:37.113141-04:00
2026-09-28/165543_137799_motion.jpg,empty,John,2026-10-01T12:16:37.579669-04:00
2026-09-28/165847_654904_periodic.jpg,empty,John,2026-10-01T12:16:37.801895-04:00
2026-09-28/170847_685872_periodic.jpg,empty,John,2026-10-01T12:16:38.002210-04:00
2026-09-28/171755_739173_motion.jpg,empty,John,2026-10-01T12:16:38.223986-04:00
2026-09-28/171847_716083_periodic.jpg,empty,John,2026-10-01T12:16:38.402365-04:00
2026-09-28/172523_971441_motion.jpg,empty,John,2026-10-01T12:16:38.624870-04:00
2026-09-28/172811_196489_motion.jpg,empty,John,2026-10-01T12:16:38.824461-04:00
2026-09-28/172813_229050_motion.jpg,empty,John,2026-10-01T12:16:39.023926-04:00
2026-09-28/172816_660971_motion.jpg,empty,John,2026-10-01T12:16:39.224316-04:00
2026-09-28/172831_820612_motion.jpg,empty,John,2026-10-01T12:16:39.423779-04:00
2026-09-28/172847_747233_periodic.jpg,empty,John,2026-10-01T12:16:39.646706-04:00
2026-09-28/173146_533549_motion.jpg,empty,John,2026-10-01T12:16:39.846433-04:00
2026-09-28/173337_317547_motion.jpg,empty,John,2026-10-01T12:16:40.046046-04:00
2026-09-28/173847_778280_periodic.jpg,empty,John,2026-10-01T12:16:40.224071-04:00
2026-09-28/174847_809623_periodic.jpg,empty,John,2026-10-01T12:16:40.424325-04:00
2026-09-28/175847_840045_periodic.jpg,empty,John,2026-10-01T12:16:40.602942-04:00
2026-09-28/180321_315639_motion.jpg,empty,John,2026-10-01T12:16:40.801909-04:00
2026-09-28/180847_867698_periodic.jpg,empty,John,2026-10-01T12:16:40.979138-04:00
2026-09-28/181642_819478_motion.jpg,empty,John,2026-10-01T12:16:41.157680-04:00
2026-09-28/181646_051847_motion.jpg,empty,John,2026-10-01T12:16:41.334556-04:00
2026-09-28/181658_279211_motion.jpg,empty,John,2026-10-01T12:16:41.535928-04:00
2026-09-28/181847_896502_periodic.jpg,empty,John,2026-10-01T12:16:41.713375-04:00
2026-09-28/182413_582969_motion.jpg,empty,John,2026-10-01T12:16:41.912501-04:00
2026-09-28/182415_583438_motion.jpg,empty,John,2026-10-01T12:16:42.313469-04:00
2026-09-28/182417_615821_motion.jpg,empty,John,2026-10-01T12:16:42.579480-04:00
2026-09-28/182505_026919_motion.jpg,empty,John,2026-10-01T12:16:42.757981-04:00
2026-09-28/182507_059149_motion.jpg,empty,John,2026-10-01T12:16:42.957743-04:00
2026-09-28/182526_184775_motion.jpg,empty,John,2026-10-01T12:16:43.112929-04:00
2026-09-28/182538_111608_motion.jpg,empty,John,2026-10-01T12:16:43.335064-04:00
2026-09-28/182559_102294_motion.jpg,empty,John,2026-10-01T12:16:43.535171-04:00
2026-09-28/182627_457118_motion.jpg,empty,John,2026-10-01T12:16:43.712815-04:00
2026-09-28/182629_488648_motion.jpg,empty,John,2026-10-01T12:16:43.912817-04:00
2026-09-28/182635_153816_motion.jpg,empty,John,2026-10-01T12:16:44.135453-04:00
2026-09-28/182637_185820_motion.jpg,empty,John,2026-10-01T12:16:44.313246-04:00
2026-09-28/182639_186072_motion.jpg,empty,John,2026-10-01T12:16:44.512203-04:00
2026-09-28/182647_147540_motion.jpg,empty,John,2026-10-01T12:16:44.712289-04:00
2026-09-28/182847_926735_periodic.jpg,empty,John,2026-10-01T12:16:44.890243-04:00
2026-09-28/183012_921315_motion.jpg,empty,John,2026-10-01T12:16:45.090936-04:00
2026-09-28/183102_100012_motion.jpg,empty,John,2026-10-01T12:16:45.290498-04:00
2026-09-28/183116_925801_motion.jpg,empty,John,2026-10-01T12:16:45.468023-04:00
2026-09-28/183148_145014_motion.jpg,empty,John,2026-10-01T12:16:45.690827-04:00
2026-09-28/183235_756764_motion.jpg,empty,John,2026-10-01T12:16:45.869227-04:00
2026-09-28/183246_353036_motion.jpg,empty,John,2026-10-01T12:16:46.046034-04:00
2026-09-28/183252_716966_motion.jpg,empty,John,2026-10-01T12:16:46.223934-04:00
2026-09-28/183300_112738_motion.jpg,empty,John,2026-10-01T12:16:46.423598-04:00
2026-09-28/183337_095866_motion.jpg,empty,John,2026-10-01T12:16:46.601518-04:00
2026-09-28/183411_781135_motion.jpg,empty,John,2026-10-01T12:16:46.800798-04:00
2026-09-28/183413_812945_motion.jpg,empty,John,2026-10-01T12:16:47.018848-04:00
2026-09-28/183428_673189_motion.jpg,empty,John,2026-10-01T12:16:47.215628-04:00
2026-09-28/183847_957270_periodic.jpg,empty,John,2026-10-01T12:16:47.389816-04:00
2026-09-28/183940_300463_motion.jpg,empty,John,2026-10-01T12:16:47.586146-04:00
2026-09-28/184001_690871_motion.jpg,empty,John,2026-10-01T12:16:47.781972-04:00
2026-09-28/184016_218132_motion.jpg,empty,John,2026-10-01T12:16:47.978031-04:00
2026-09-28/184018_250177_motion.jpg,empty,John,2026-10-01T12:16:48.175039-04:00
2026-09-28/184025_879690_motion.jpg,empty,John,2026-10-01T12:16:49.744647-04:00
2026-09-28/184847_988817_periodic.jpg,empty,John,2026-10-01T12:16:50.027547-04:00
2026-09-28/185228_689756_motion.jpg,empty,John,2026-10-01T12:16:50.441954-04:00
2026-09-28/185237_618722_motion.jpg,empty,John,2026-10-01T12:16:50.640464-04:00
2026-09-28/185343_355538_motion.jpg,empty,John,2026-10-01T12:16:51.313787-04:00
2026-09-28/185358_149430_motion.jpg,empty,John,2026-10-01T12:16:51.558863-04:00
2026-09-28/185529_342806_motion.jpg,empty,John,2026-10-01T12:16:51.758147-04:00
2026-09-28/185545_667771_motion.jpg,empty,John,2026-10-01T12:16:51.980731-04:00
2026-09-28/185557_162339_motion.jpg,empty,John,2026-10-01T12:16:52.180578-04:00
2026-09-28/185848_018920_periodic.jpg,empty,John,2026-10-01T12:16:52.402801-04:00
2026-09-28/190848_050584_periodic.jpg,empty,John,2026-10-01T12:16:52.602756-04:00
2026-09-28/191848_051307_periodic.jpg,empty,John,2026-10-01T12:16:52.802783-04:00
2026-09-28/192452_656547_motion.jpg,empty,John,2026-10-01T12:16:53.025863-04:00
2026-09-28/192454_688063_motion.jpg,empty,John,2026-10-01T12:16:53.247287-04:00
2026-09-28/192505_218128_motion.jpg,empty,John,2026-10-01T12:16:53.426034-04:00
2026-09-28/192507_249042_motion.jpg,empty,John,2026-10-01T12:16:53.982011-04:00
2026-09-28/192531_171612_motion.jpg,empty,John,2026-10-01T12:16:54.270183-04:00
2026-09-28/192710_394194_motion.jpg,empty,John,2026-10-01T12:16:54.515254-04:00
2026-09-28/192723_155130_motion.jpg,empty,John,2026-10-01T12:16:54.736937-04:00
2026-09-28/192725_155615_motion.jpg,empty,John,2026-10-01T12:16:55.181636-04:00
2026-09-28/192727_187781_motion.jpg,empty,John,2026-10-01T12:16:55.670101-04:00
2026-09-28/192739_414411_motion.jpg,empty,John,2026-10-01T12:16:56.247701-04:00
2026-09-28/192746_811105_motion.jpg,empty,John,2026-10-01T12:16:56.647180-04:00
2026-09-28/192748_811216_motion.jpg,empty,John,2026-10-01T12:16:56.867639-04:00
2026-09-28/192752_208587_motion.jpg,empty,John,2026-10-01T12:16:57.067992-04:00
2026-09-28/192754_242256_motion.jpg,empty,John,2026-10-01T12:16:57.290361-04:00
2026-09-28/192836_356776_motion.jpg,empty,John,2026-10-01T12:16:57.489405-04:00
2026-09-28/192838_388224_motion.jpg,empty,John,2026-10-01T12:16:57.912105-04:00
2026-09-28/192848_083854_periodic.jpg,empty,John,2026-10-01T12:16:58.110579-04:00
2026-09-28/192904_144164_motion.jpg,empty,John,2026-10-01T12:16:58.310802-04:00
2026-09-28/192916_205537_motion.jpg,empty,John,2026-10-01T12:16:58.532086-04:00
2026-09-28/192922_401658_motion.jpg,empty,John,2026-10-01T12:16:58.709352-04:00
2026-09-28/192934_529825_motion.jpg,empty,John,2026-10-01T12:16:58.909723-04:00
2026-09-28/192936_561981_motion.jpg,empty,John,2026-10-01T12:16:59.086528-04:00
2026-09-28/192956_753894_motion.jpg,empty,John,2026-10-01T12:16:59.286916-04:00
2026-09-28/193516_776683_motion.jpg,empty,John,2026-10-01T12:16:59.508548-04:00
2026-09-28/193651_534239_motion.jpg,empty,John,2026-10-01T12:16:59.686748-04:00
2026-09-28/193654_034210_motion.jpg,empty,John,2026-10-01T12:16:59.863506-04:00
2026-09-28/193703_162285_motion.jpg,empty,John,2026-10-01T12:17:00.063296-04:00
2026-09-28/193848_115993_periodic.jpg,empty,John,2026-10-01T12:17:00.263442-04:00
2026-09-28/193857_977343_motion.jpg,empty,John,2026-10-01T12:17:00.462835-04:00
2026-09-28/193901_675713_motion.jpg,empty,John,2026-10-01T12:17:00.662562-04:00
2026-09-28/193931_230846_motion.jpg,empty,John,2026-10-01T12:17:00.862265-04:00
2026-09-28/193933_261909_motion.jpg,empty,John,2026-10-01T12:17:01.084471-04:00
2026-09-28/194040_298341_motion.jpg,empty,John,2026-10-01T12:17:01.261364-04:00
2026-09-28/194042_298617_motion.jpg,empty,John,2026-10-01T12:17:01.462843-04:00
2026-09-28/194143_669478_motion.jpg,empty,John,2026-10-01T12:17:01.661316-04:00
2026-09-28/194145_702044_motion.jpg,empty,John,2026-10-01T12:17:01.862054-04:00
2026-09-28/194320_426479_motion.jpg,empty,John,2026-10-01T12:17:02.038312-04:00
2026-09-28/194419_400084_motion.jpg,empty,John,2026-10-01T12:17:02.238191-04:00
2026-09-28/194421_432531_motion.jpg,empty,John,2026-10-01T12:17:02.437121-04:00
2026-09-28/194457_383214_motion.jpg,empty,John,2026-10-01T12:17:02.659692-04:00
2026-09-28/194459_383445_motion.jpg,empty,John,2026-10-01T12:17:03.384351-04:00
2026-09-28/194848_146010_periodic.jpg,empty,John,2026-10-01T12:17:03.635088-04:00
2026-09-28/195133_340229_motion.jpg,empty,John,2026-10-01T12:17:03.843790-04:00
2026-09-28/195135_372676_motion.jpg,empty,John,2026-10-01T12:17:04.032249-04:00
2026-09-28/195848_177454_periodic.jpg,empty,John,2026-10-01T12:17:04.262295-04:00
2026-09-28/200848_208654_periodic.jpg,empty,John,2026-10-01T12:17:04.450049-04:00
2026-09-28/201154_491784_motion.jpg,empty,John,2026-10-01T12:17:04.637887-04:00
2026-09-28/201223_147174_motion.jpg,empty,John,2026-10-01T12:17:04.826545-04:00
2026-09-28/201225_178155_motion.jpg,empty,John,2026-10-01T12:17:05.013864-04:00
2026-09-28/201228_776517_motion.jpg,empty,John,2026-10-01T12:17:05.202841-04:00
2026-09-28/201412_096889_motion.jpg,empty,John,2026-10-01T12:17:05.411503-04:00
2026-09-28/201414_097716_motion.jpg,empty,John,2026-10-01T12:17:05.556867-04:00
2026-09-28/201432_355627_motion.jpg,empty,John,2026-10-01T12:17:05.766771-04:00
2026-09-28/201434_388381_motion.jpg,empty,John,2026-10-01T12:17:05.955244-04:00
2026-09-28/201437_287468_motion.jpg,empty,John,2026-10-01T12:17:06.122045-04:00
2026-09-28/201439_784932_motion.jpg,empty,John,2026-10-01T12:17:06.393512-04:00
2026-09-28/201452_378529_motion.jpg,empty,John,2026-10-01T12:17:06.589728-04:00
2026-09-28/201454_379130_motion.jpg,empty,John,2026-10-01T12:17:06.789726-04:00
2026-09-28/201509_972047_motion.jpg,empty,John,2026-10-01T12:17:07.011531-04:00
2026-09-28/201524_098976_motion.jpg,empty,John,2026-10-01T12:17:07.234346-04:00
2026-09-28/201526_130351_motion.jpg,empty,John,2026-10-01T12:17:07.456199-04:00
2026-09-28/201613_575552_motion.jpg,empty,John,2026-10-01T12:17:07.656787-04:00
2026-09-28/201615_576045_motion.jpg,empty,John,2026-10-01T12:17:07.879105-04:00
2026-09-28/201646_894914_motion.jpg,empty,John,2026-10-01T12:17:08.079216-04:00
2026-09-28/201648_926564_motion.jpg,empty,John,2026-10-01T12:17:08.279076-04:00
2026-09-28/201650_926677_motion.jpg,empty,John,2026-10-01T12:17:08.479011-04:00
2026-09-28/201654_556937_motion.jpg,empty,John,2026-10-01T12:17:08.678700-04:00
2026-09-28/201715_947389_motion.jpg,empty,John,2026-10-01T12:17:08.857434-04:00
2026-09-28/201717_979792_motion.jpg,empty,John,2026-10-01T12:17:09.056775-04:00
2026-09-28/201848_238531_periodic.jpg,empty,John,2026-10-01T12:17:09.279330-04:00
2026-09-28/201917_658734_motion.jpg,empty,John,2026-10-01T12:17:09.478985-04:00
2026-09-28/201921_157498_motion.jpg,empty,John,2026-10-01T12:17:09.634721-04:00
2026-09-28/201925_388312_motion.jpg,empty,John,2026-10-01T12:17:09.856373-04:00
2026-09-28/201927_420530_motion.jpg,empty,John,2026-10-01T12:17:10.057143-04:00
2026-09-28/201929_420964_motion.jpg,empty,John,2026-10-01T12:17:10.234888-04:00
2026-09-28/202000_805708_motion.jpg,empty,John,2026-10-01T12:17:10.435490-04:00
2026-09-28/202017_732760_motion.jpg,empty,John,2026-10-01T12:17:10.634118-04:00
2026-09-28/202054_014739_motion.jpg,empty,John,2026-10-01T12:17:10.835343-04:00
2026-09-28/202115_738351_motion.jpg,empty,John,2026-10-01T12:17:11.034968-04:00
2026-09-28/202155_421212_motion.jpg,empty,John,2026-10-01T12:17:11.234537-04:00
2026-09-28/202231_437122_motion.jpg,empty,John,2026-10-01T12:17:11.435123-04:00
2026-09-28/202236_301617_motion.jpg,empty,John,2026-10-01T12:17:11.612693-04:00
2026-09-28/202242_366692_motion.jpg,empty,John,2026-10-01T12:17:11.812811-04:00
2026-09-28/202244_399169_motion.jpg,empty,John,2026-10-01T12:17:12.013318-04:00
2026-09-28/202406_927319_motion.jpg,empty,John,2026-10-01T12:17:12.190167-04:00
2026-09-28/202412_691959_motion.jpg,empty,John,2026-10-01T12:17:12.390528-04:00
2026-09-28/202427_652217_motion.jpg,empty,John,2026-10-01T12:17:12.613430-04:00
2026-09-28/202431_382899_motion.jpg,empty,John,2026-10-01T12:17:12.812526-04:00
2026-09-28/202446_376146_motion.jpg,empty,John,2026-10-01T12:17:13.013739-04:00
2026-09-28/202450_241017_motion.jpg,empty,John,2026-10-01T12:17:13.190935-04:00
2026-09-28/202506_167133_motion.jpg,empty,John,2026-10-01T12:17:13.390835-04:00
2026-09-28/202602_575538_motion.jpg,empty,John,2026-10-01T12:17:13.590812-04:00
2026-09-28/202610_204952_motion.jpg,empty,John,2026-10-01T12:17:13.813630-04:00
2026-09-28/202624_299120_motion.jpg,empty,John,2026-10-01T12:17:13.991924-04:00
2026-09-28/202639_958513_motion.jpg,empty,John,2026-10-01T12:17:14.213556-04:00
2026-09-28/202848_266834_periodic.jpg,empty,John,2026-10-01T12:17:14.436608-04:00
2026-09-28/202913_188921_motion.jpg,empty,John,2026-10-01T12:17:14.838103-04:00
2026-09-28/202915_322618_motion.jpg,empty,John,2026-10-01T12:17:15.057564-04:00
2026-09-28/202920_886136_motion.jpg,empty,John,2026-10-01T12:17:15.280664-04:00
2026-09-28/203008_264469_motion.jpg,empty,John,2026-10-01T12:17:15.503001-04:00
2026-09-28/203010_296555_motion.jpg,empty,John,2026-10-01T12:17:15.702788-04:00
2026-09-28/203039_217015_motion.jpg,empty,John,2026-10-01T12:17:15.902832-04:00
2026-09-28/203041_249856_motion.jpg,empty,John,2026-10-01T12:17:16.102342-04:00
2026-09-28/203054_010111_motion.jpg,empty,John,2026-10-01T12:17:16.325219-04:00
2026-09-28/203058_842729_motion.jpg,empty,John,2026-10-01T12:17:16.525808-04:00
2026-09-28/203106_239455_motion.jpg,empty,John,2026-10-01T12:17:16.725288-04:00
2026-09-28/203108_270428_motion.jpg,empty,John,2026-10-01T12:17:16.970474-04:00
2026-09-28/203136_758480_motion.jpg,empty,John,2026-10-01T12:17:17.148141-04:00
2026-09-28/203228_300664_motion.jpg,empty,John,2026-10-01T12:17:17.347990-04:00
2026-09-28/203230_334747_motion.jpg,empty,John,2026-10-01T12:17:17.547444-04:00
2026-09-28/203427_680537_motion.jpg,empty,John,2026-10-01T12:17:17.748044-04:00
2026-09-28/203518_890862_motion.jpg,empty,John,2026-10-01T12:17:17.970154-04:00
2026-09-28/203529_019604_motion.jpg,empty,John,2026-10-01T12:17:18.170010-04:00
2026-09-28/203627_560903_motion.jpg,empty,John,2026-10-01T12:17:18.370921-04:00
2026-09-28/203629_593589_motion.jpg,empty,John,2026-10-01T12:17:18.570705-04:00
2026-09-28/203638_888517_motion.jpg,empty,John,2026-10-01T12:17:18.748144-04:00
2026-09-28/203640_921832_motion.jpg,empty,John,2026-10-01T12:17:18.992512-04:00
2026-09-28/203642_954138_motion.jpg,empty,John,2026-10-01T12:17:19.259668-04:00
2026-09-28/203640_921832_motion.jpg,black_patch_cat,John,2026-10-01T12:17:22.727725-04:00
2026-09-28/203642_954138_motion.jpg,black_patch_cat,John,2026-10-01T12:17:23.358360-04:00
2026-09-28/203646_585819_motion.jpg,black_patch_cat,John,2026-10-01T12:17:24.481345-04:00
2026-09-28/203648_617302_motion.jpg,empty,John,2026-10-01T12:17:25.967571-04:00
2026-09-28/203650_617463_motion.jpg,empty,John,2026-10-01T12:17:26.389165-04:00
2026-09-28/203653_714917_motion.jpg,empty,John,2026-10-01T12:17:26.878016-04:00
2026-09-28/203659_778835_motion.jpg,empty,John,2026-10-01T12:17:27.100281-04:00
2026-09-28/203704_744288_motion.jpg,empty,John,2026-10-01T12:17:27.944717-04:00
2026-09-28/203706_775786_motion.jpg,empty,John,2026-10-01T12:17:28.562676-04:00
2026-09-28/203735_697011_motion.jpg,empty,John,2026-10-01T12:17:29.026979-04:00
2026-09-28/203737_728391_motion.jpg,empty,John,2026-10-01T12:17:29.644488-04:00
2026-09-28/203848_296608_periodic.jpg,empty,John,2026-10-01T12:17:30.241451-04:00
2026-09-28/203957_731994_motion.jpg,empty,John,2026-10-01T12:17:30.638763-04:00
2026-09-28/204023_653604_motion.jpg,empty,John,2026-10-01T12:17:31.323066-04:00
2026-09-28/204025_685896_motion.jpg,black_patch_cat,John,2026-10-01T12:17:34.636675-04:00
2026-09-28/204441_571051_motion.jpg,empty,John,2026-10-01T12:17:35.474478-04:00
2026-09-28/204443_603556_motion.jpg,empty,John,2026-10-01T12:17:37.141677-04:00
2026-09-28/204533_914386_motion.jpg,black_patch_cat,John,2026-10-01T12:17:39.077929-04:00
2026-09-28/204535_946847_motion.jpg,black_patch_cat,John,2026-10-01T12:17:39.702276-04:00
2026-09-28/204537_979048_motion.jpg,black_patch_cat,John,2026-10-01T12:17:40.240303-04:00
2026-09-28/204544_309405_motion.jpg,black_patch_cat,John,2026-10-01T12:17:40.842225-04:00
2026-09-28/204552_173700_motion.jpg,black_patch_cat,John,2026-10-01T12:17:41.380389-04:00
2026-09-28/204554_205209_motion.jpg,black_patch_cat,John,2026-10-01T12:17:42.592998-04:00
2026-09-28/204556_239055_motion.jpg,black_patch_cat,John,2026-10-01T12:17:43.237755-04:00
2026-09-28/204654_577984_motion.jpg,empty,John,2026-10-01T12:17:44.148596-04:00
2026-09-28/204735_160685_motion.jpg,empty,John,2026-10-01T12:17:44.547769-04:00
2026-09-28/204737_193674_motion.jpg,orange_patch_cat,John,2026-10-01T12:17:45.460485-04:00
2026-09-28/204739_224620_motion.jpg,orange_patch_cat,John,2026-10-01T12:17:46.237927-04:00
2026-09-28/204744_888790_motion.jpg,orange_patch_cat,John,2026-10-01T12:17:46.815755-04:00
2026-09-28/204746_888927_motion.jpg,orange_patch_cat,John,2026-10-01T12:17:47.792977-04:00
2026-09-28/204848_326489_periodic.jpg,empty,John,2026-10-01T12:17:48.548689-04:00
2026-09-28/205013_555274_motion.jpg,empty,John,2026-10-01T12:17:49.059958-04:00
2026-09-28/205032_281053_motion.jpg,empty,John,2026-10-01T12:17:49.504299-04:00
2026-09-28/205848_356087_periodic.jpg,empty,John,2026-10-01T12:17:49.927228-04:00
2026-09-28/205856_786004_motion.jpg,empty,John,2026-10-01T12:17:50.416492-04:00
2026-09-28/205858_819290_motion.jpg,black_patch_cat,John,2026-10-01T12:17:51.638240-04:00
2026-09-28/205915_878649_motion.jpg,empty,John,2026-10-01T12:17:52.264900-04:00
2026-09-28/205917_910724_motion.jpg,black_patch_cat,John,2026-10-01T12:17:53.544971-04:00
2026-09-28/205919_942073_motion.jpg,both_cats,John,2026-10-01T12:17:58.183989-04:00
2026-09-28/205921_942156_motion.jpg,orange_patch_cat,John,2026-10-01T12:17:59.934458-04:00
2026-09-28/205923_973535_motion.jpg,orange_patch_cat,John,2026-10-01T12:18:02.052421-04:00
2026-09-28/210848_386307_periodic.jpg,empty,John,2026-10-01T12:18:02.918780-04:00
2026-09-28/211832_489908_motion.jpg,empty,John,2026-10-01T12:18:03.474859-04:00
2026-09-28/211834_523472_motion.jpg,black_patch_cat,John,2026-10-01T12:18:04.519339-04:00
2026-09-28/211836_556303_motion.jpg,black_patch_cat,John,2026-10-01T12:18:05.274302-04:00
2026-09-28/211839_120473_motion.jpg,black_patch_cat,John,2026-10-01T12:18:05.874863-04:00
2026-09-28/211841_154274_motion.jpg,black_patch_cat,John,2026-10-01T12:18:07.030235-04:00
2026-09-28/211848_416066_periodic.jpg,black_patch_cat,John,2026-10-01T12:18:07.718995-04:00
2026-09-28/211848_416066_periodic.jpg,empty,John,2026-10-01T12:18:10.073112-04:00
2026-09-28/212728_549872_motion.jpg,empty,John,2026-10-01T12:18:11.626132-04:00
2026-09-28/212730_582445_motion.jpg,empty,John,2026-10-01T12:18:12.047861-04:00
2026-09-28/212804_867261_motion.jpg,empty,John,2026-10-01T12:18:12.491640-04:00
2026-09-28/212806_900272_motion.jpg,empty,John,2026-10-01T12:18:12.847464-04:00
2026-09-28/212830_855552_motion.jpg,empty,John,2026-10-01T12:18:13.268604-04:00
2026-09-28/212832_888429_motion.jpg,empty,John,2026-10-01T12:18:13.712564-04:00
2026-09-28/212847_781368_motion.jpg,empty,John,2026-10-01T12:18:13.978618-04:00
2026-09-28/212848_447829_periodic.jpg,empty,John,2026-10-01T12:18:14.200872-04:00
2026-09-28/212849_781746_motion.jpg,empty,John,2026-10-01T12:18:14.399775-04:00
2026-09-28/212851_813097_motion.jpg,empty,John,2026-10-01T12:18:14.644024-04:00
2026-09-28/212853_813237_motion.jpg,empty,John,2026-10-01T12:18:15.044508-04:00
2026-09-28/212855_844713_motion.jpg,empty,John,2026-10-01T12:18:15.266208-04:00
2026-09-28/212936_425672_motion.jpg,empty,John,2026-10-01T12:18:15.465718-04:00
2026-09-28/212949_054341_motion.jpg,empty,John,2026-10-01T12:18:15.665816-04:00
2026-09-28/213051_426660_motion.jpg,empty,John,2026-10-01T12:18:15.909228-04:00
2026-09-28/213053_458432_motion.jpg,empty,John,2026-10-01T12:18:16.153258-04:00
2026-09-28/213207_692807_motion.jpg,empty,John,2026-10-01T12:18:16.353533-04:00
2026-09-28/213210_223560_motion.jpg,empty,John,2026-10-01T12:18:16.530078-04:00
2026-09-28/213239_844028_motion.jpg,empty,John,2026-10-01T12:18:16.751292-04:00
2026-09-28/213244_043289_motion.jpg,empty,John,2026-10-01T12:18:16.973649-04:00
2026-09-28/213251_772849_motion.jpg,empty,John,2026-10-01T12:18:17.372296-04:00
2026-09-28/213325_723640_motion.jpg,empty,John,2026-10-01T12:18:17.592883-04:00
2026-09-28/213350_012582_motion.jpg,empty,John,2026-10-01T12:18:17.793414-04:00
2026-09-28/213352_012731_motion.jpg,empty,John,2026-10-01T12:18:17.991396-04:00
2026-09-28/213413_235638_motion.jpg,empty,John,2026-10-01T12:18:18.168972-04:00
2026-09-28/213430_195532_motion.jpg,empty,John,2026-10-01T12:18:18.367876-04:00
2026-09-28/213432_227035_motion.jpg,empty,John,2026-10-01T12:18:18.545442-04:00
2026-09-28/213448_554169_motion.jpg,empty,John,2026-10-01T12:18:19.121920-04:00
2026-09-28/213720_552995_motion.jpg,empty,John,2026-10-01T12:18:19.342444-04:00
2026-09-28/213848_479814_periodic.jpg,empty,John,2026-10-01T12:18:19.541987-04:00
2026-09-28/214848_509470_periodic.jpg,empty,John,2026-10-01T12:18:19.807817-04:00
2026-09-28/214909_633750_motion.jpg,empty,John,2026-10-01T12:18:20.029080-04:00
2026-09-28/214911_666184_motion.jpg,empty,John,2026-10-01T12:18:20.228433-04:00
2026-09-28/214911_666184_motion.jpg,black_patch_cat,John,2026-10-01T12:18:23.329080-04:00
2026-09-28/214913_698688_motion.jpg,black_patch_cat,John,2026-10-01T12:18:23.815928-04:00
2026-09-28/214915_732520_motion.jpg,black_patch_cat,John,2026-10-01T12:18:24.258231-04:00
2026-09-28/214917_763082_motion.jpg,black_patch_cat,John,2026-10-01T12:18:24.723834-04:00
2026-09-28/215001_043942_motion.jpg,black_patch_cat,John,2026-10-01T12:18:25.144717-04:00
2026-09-28/215003_044075_motion.jpg,black_patch_cat,John,2026-10-01T12:18:25.655040-04:00
2026-09-28/215005_075484_motion.jpg,black_patch_cat,John,2026-10-01T12:18:26.452110-04:00
2026-09-28/215057_118738_motion.jpg,black_patch_cat,John,2026-10-01T12:18:26.940187-04:00
2026-09-28/215059_151088_motion.jpg,black_patch_cat,John,2026-10-01T12:18:27.339064-04:00
2026-09-28/215101_749916_motion.jpg,black_patch_cat,John,2026-10-01T12:18:27.915215-04:00
2026-09-28/215204_388560_motion.jpg,black_patch_cat,John,2026-10-01T12:18:28.469479-04:00
2026-09-28/215206_422101_motion.jpg,black_patch_cat,John,2026-10-01T12:18:29.971679-04:00
2026-09-28/215208_453909_motion.jpg,black_patch_cat,John,2026-10-01T12:18:30.636461-04:00
2026-09-28/215210_485995_motion.jpg,black_patch_cat,John,2026-10-01T12:18:31.988527-04:00
2026-09-28/215212_486113_motion.jpg,empty,John,2026-10-01T12:18:32.852471-04:00
2026-09-28/215848_540344_periodic.jpg,empty,John,2026-10-01T12:18:33.450391-04:00
2026-09-28/220848_571292_periodic.jpg,empty,John,2026-10-01T12:18:33.917026-04:00
2026-09-28/221848_602330_periodic.jpg,empty,John,2026-10-01T12:18:34.315770-04:00
2026-09-28/222848_632702_periodic.jpg,empty,John,2026-10-01T12:18:34.848324-04:00
2026-09-28/223848_665029_periodic.jpg,empty,John,2026-10-01T12:18:35.246873-04:00
2026-09-28/224437_177189_motion.jpg,empty,John,2026-10-01T12:18:35.711331-04:00
2026-09-28/224439_208833_motion.jpg,empty,John,2026-10-01T12:18:36.088885-04:00
2026-09-28/224446_939732_motion.jpg,empty,John,2026-10-01T12:18:36.487607-04:00
2026-09-28/224455_268202_motion.jpg,empty,John,2026-10-01T12:18:36.776202-04:00
2026-09-28/224457_268598_motion.jpg,empty,John,2026-10-01T12:18:37.662894-04:00
2026-09-28/224848_697162_periodic.jpg,empty,John,2026-10-01T12:18:38.261115-04:00
2026-09-28/224906_989208_motion.jpg,empty,John,2026-10-01T12:18:38.682364-04:00
2026-09-28/224910_454427_motion.jpg,empty,John,2026-10-01T12:18:38.904525-04:00
2026-09-28/225004_962895_motion.jpg,empty,John,2026-10-01T12:18:39.258564-04:00
2026-09-28/225004_962895_motion.jpg,empty,John,2026-10-01T12:18:42.423992-04:00
2026-09-28/225006_995552_motion.jpg,black_patch_cat,John,2026-10-01T12:18:43.263519-04:00
2026-09-28/225011_028007_motion.jpg,black_patch_cat,John,2026-10-01T12:18:43.881312-04:00
2026-09-28/225036_116813_motion.jpg,empty,John,2026-10-01T12:18:44.698888-04:00
2026-09-28/225040_180611_motion.jpg,empty,John,2026-10-01T12:18:45.161982-04:00
2026-09-28/225042_180887_motion.jpg,empty,John,2026-10-01T12:18:45.383365-04:00
2026-09-28/225203_443654_motion.jpg,empty,John,2026-10-01T12:18:45.980247-04:00
2026-09-28/225221_468666_motion.jpg,empty,John,2026-10-01T12:18:46.399143-04:00
2026-09-28/225223_502401_motion.jpg,empty,John,2026-10-01T12:18:46.686634-04:00
2026-09-28/225226_466799_motion.jpg,empty,John,2026-10-01T12:18:47.061845-04:00
2026-09-28/225242_426650_motion.jpg,empty,John,2026-10-01T12:18:47.614730-04:00
2026-09-28/225244_427185_motion.jpg,empty,John,2026-10-01T12:18:48.277234-04:00
2026-09-28/225344_899059_motion.jpg,empty,John,2026-10-01T12:18:48.739496-04:00
2026-09-28/225348_030050_motion.jpg,empty,John,2026-10-01T12:18:49.138756-04:00
2026-09-28/225426_213035_motion.jpg,empty,John,2026-10-01T12:18:49.603252-04:00
2026-09-28/225848_728462_periodic.jpg,empty,John,2026-10-01T12:18:50.467238-04:00
2026-09-28/230848_759781_periodic.jpg,empty,John,2026-10-01T12:18:50.731976-04:00
2026-09-28/231848_790194_periodic.jpg,empty,John,2026-10-01T12:18:50.931357-04:00
2026-09-28/231920_376189_motion.jpg,empty,John,2026-10-01T12:18:51.175139-04:00
2026-09-28/231923_076106_motion.jpg,empty,John,2026-10-01T12:18:51.352427-04:00
2026-09-28/232848_821428_periodic.jpg,empty,John,2026-10-01T12:18:51.927985-04:00
2026-09-28/233848_852220_periodic.jpg,empty,John,2026-10-01T12:18:52.127036-04:00
2026-09-28/234848_881760_periodic.jpg,empty,John,2026-10-01T12:18:52.326458-04:00
2026-09-28/235848_911847_periodic.jpg,empty,John,2026-10-01T12:18:52.525751-04:00
2026-09-29/000848_942452_periodic.jpg,empty,John,2026-10-01T12:18:52.724925-04:00
2026-09-29/001848_972907_periodic.jpg,empty,John,2026-10-01T12:18:52.946155-04:00
2026-09-29/002849_003135_periodic.jpg,empty,John,2026-10-01T12:18:53.122543-04:00
2026-09-29/003849_033226_periodic.jpg,empty,John,2026-10-01T12:18:53.322626-04:00
2026-09-29/004849_063881_periodic.jpg,empty,John,2026-10-01T12:18:53.521659-04:00
2026-09-29/005849_092584_periodic.jpg,empty,John,2026-10-01T12:18:53.721059-04:00
2026-09-29/010849_122334_periodic.jpg,empty,John,2026-10-01T12:18:53.920365-04:00
2026-09-29/011849_153275_periodic.jpg,empty,John,2026-10-01T12:18:54.119101-04:00
2026-09-29/012849_184691_periodic.jpg,empty,John,2026-10-01T12:18:54.318445-04:00
2026-09-29/013849_215947_periodic.jpg,empty,John,2026-10-01T12:18:54.517572-04:00
2026-09-29/014849_247455_periodic.jpg,empty,John,2026-10-01T12:18:54.716952-04:00
2026-09-29/015849_277930_periodic.jpg,empty,John,2026-10-01T12:18:54.916174-04:00
2026-09-29/020849_308080_periodic.jpg,empty,John,2026-10-01T12:18:55.115890-04:00
2026-09-29/021849_338349_periodic.jpg,empty,John,2026-10-01T12:18:55.292371-04:00
2026-09-29/022849_369607_periodic.jpg,empty,John,2026-10-01T12:18:55.491705-04:00
2026-09-29/023849_400576_periodic.jpg,empty,John,2026-10-01T12:18:55.691510-04:00
2026-09-29/024849_432486_periodic.jpg,empty,John,2026-10-01T12:18:55.890070-04:00
2026-09-29/025849_463281_periodic.jpg,empty,John,2026-10-01T12:18:56.090117-04:00
2026-09-29/030849_492715_periodic.jpg,empty,John,2026-10-01T12:18:56.311492-04:00
2026-09-29/031849_520166_periodic.jpg,empty,John,2026-10-01T12:18:56.510744-04:00
2026-09-29/032849_549121_periodic.jpg,empty,John,2026-10-01T12:18:56.687083-04:00
2026-09-29/033849_579110_periodic.jpg,empty,John,2026-10-01T12:18:56.887028-04:00
2026-09-29/034849_609042_periodic.jpg,empty,John,2026-10-01T12:18:57.064253-04:00
2026-09-29/035849_638998_periodic.jpg,empty,John,2026-10-01T12:18:57.286740-04:00
2026-09-29/040849_668937_periodic.jpg,empty,John,2026-10-01T12:18:57.464470-04:00
2026-09-29/041849_670012_periodic.jpg,empty,John,2026-10-01T12:18:57.642212-04:00
2026-09-29/042849_671619_periodic.jpg,empty,John,2026-10-01T12:18:57.863606-04:00
2026-09-29/043849_705790_periodic.jpg,empty,John,2026-10-01T12:18:58.041392-04:00
2026-09-29/044849_735501_periodic.jpg,empty,John,2026-10-01T12:18:58.240951-04:00
2026-09-29/045849_764253_periodic.jpg,empty,John,2026-10-01T12:18:58.440786-04:00
2026-09-29/050433_275780_motion.jpg,empty,John,2026-10-01T12:18:58.640969-04:00
2026-09-29/050435_309877_motion.jpg,empty,John,2026-10-01T12:18:58.841067-04:00
2026-09-29/050438_407340_motion.jpg,empty,John,2026-10-01T12:18:59.418638-04:00
2026-09-29/050440_440717_motion.jpg,empty,John,2026-10-01T12:18:59.640328-04:00
2026-09-29/050442_471971_motion.jpg,empty,John,2026-10-01T12:18:59.862024-04:00
2026-09-29/050554_605722_motion.jpg,empty,John,2026-10-01T12:19:00.085030-04:00
2026-09-29/050556_638332_motion.jpg,empty,John,2026-10-01T12:19:00.328406-04:00
2026-09-29/050849_793682_periodic.jpg,empty,John,2026-10-01T12:19:00.550473-04:00
2026-09-29/050956_696829_motion.jpg,empty,John,2026-10-01T12:19:00.772436-04:00
2026-09-29/051001_361540_motion.jpg,empty,John,2026-10-01T12:19:00.994587-04:00
2026-09-29/051003_361698_motion.jpg,empty,John,2026-10-01T12:19:01.171822-04:00
2026-09-29/051005_393233_motion.jpg,empty,John,2026-10-01T12:19:01.393821-04:00
2026-09-29/051005_393233_motion.jpg,black_patch_cat,John,2026-10-01T12:19:03.687978-04:00
2026-09-29/051007_425784_motion.jpg,black_patch_cat,John,2026-10-01T12:19:04.109401-04:00
2026-09-29/051849_824511_periodic.jpg,empty,John,2026-10-01T12:19:04.930859-04:00
2026-09-29/052849_854652_periodic.jpg,empty,John,2026-10-01T12:19:05.397495-04:00
2026-09-29/053656_269592_motion.jpg,empty,John,2026-10-01T12:19:05.773887-04:00
2026-09-29/053849_886939_periodic.jpg,empty,John,2026-10-01T12:19:06.195859-04:00
2026-09-29/054849_916174_periodic.jpg,empty,John,2026-10-01T12:19:06.617061-04:00
2026-09-29/055849_947096_periodic.jpg,empty,John,2026-10-01T12:19:07.061191-04:00
2026-09-29/060849_977441_periodic.jpg,empty,John,2026-10-01T12:19:07.504753-04:00
2026-09-29/061850_008647_periodic.jpg,empty,John,2026-10-01T12:19:07.926091-04:00
2026-09-29/062544_422706_motion.jpg,empty,John,2026-10-01T12:19:08.347468-04:00
2026-09-29/062546_454824_motion.jpg,empty,John,2026-10-01T12:19:08.769236-04:00
2026-09-29/062550_819909_motion.jpg,empty,John,2026-10-01T12:19:09.412280-04:00
2026-09-29/062559_315606_motion.jpg,empty,John,2026-10-01T12:19:09.877759-04:00
2026-09-29/062850_038917_periodic.jpg,empty,John,2026-10-01T12:19:10.366183-04:00
2026-09-29/063850_068377_periodic.jpg,empty,John,2026-10-01T12:19:10.987465-04:00
2026-09-29/064850_097694_periodic.jpg,empty,John,2026-10-01T12:19:11.387687-04:00
2026-09-29/065850_128266_periodic.jpg,empty,John,2026-10-01T12:19:11.831175-04:00
2026-09-29/070850_158499_periodic.jpg,empty,John,2026-10-01T12:19:12.252078-04:00
2026-09-29/071008_190155_motion.jpg,empty,John,2026-10-01T12:19:12.696221-04:00
2026-09-29/071010_224268_motion.jpg,empty,John,2026-10-01T12:19:13.184403-04:00
2026-09-29/071014_754073_motion.jpg,empty,John,2026-10-01T12:19:13.628197-04:00
2026-09-29/071021_452124_motion.jpg,empty,John,2026-10-01T12:19:14.047799-04:00
2026-09-29/071023_484610_motion.jpg,empty,John,2026-10-01T12:19:14.777541-04:00
2026-09-29/071025_517012_motion.jpg,empty,John,2026-10-01T12:19:15.175458-04:00
2026-09-29/071028_416182_motion.jpg,empty,John,2026-10-01T12:19:15.506501-04:00
2026-09-29/071133_285521_motion.jpg,empty,John,2026-10-01T12:19:15.904426-04:00
2026-09-29/071135_319068_motion.jpg,empty,John,2026-10-01T12:19:16.346064-04:00
2026-09-29/071135_319068_motion.jpg,black_patch_cat,John,2026-10-01T12:19:18.225187-04:00
2026-09-29/071147_079285_motion.jpg,empty,John,2026-10-01T12:19:18.578650-04:00
2026-09-29/071237_956735_motion.jpg,empty,John,2026-10-01T12:19:18.910657-04:00
2026-09-29/071239_990029_motion.jpg,empty,John,2026-10-01T12:19:19.286455-04:00
2026-09-29/071243_287451_motion.jpg,empty,John,2026-10-01T12:19:19.684730-04:00
2026-09-29/071245_287609_motion.jpg,empty,John,2026-10-01T12:19:20.103968-04:00
2026-09-29/071339_395266_motion.jpg,empty,John,2026-10-01T12:19:20.634363-04:00
2026-09-29/071341_429012_motion.jpg,empty,John,2026-10-01T12:19:21.077119-04:00
2026-09-29/071850_189726_periodic.jpg,empty,John,2026-10-01T12:19:21.519303-04:00
2026-09-29/071917_244851_motion.jpg,empty,John,2026-10-01T12:19:21.939723-04:00
2026-09-29/071920_576187_motion.jpg,empty,John,2026-10-01T12:19:22.648190-04:00
2026-09-29/071922_576521_motion.jpg,orange_patch_cat,John,2026-10-01T12:19:23.776413-04:00
2026-09-29/071924_607466_motion.jpg,orange_patch_cat,John,2026-10-01T12:19:24.751178-04:00
2026-09-29/071926_639780_motion.jpg,orange_patch_cat,John,2026-10-01T12:19:26.145108-04:00
2026-09-29/071928_673289_motion.jpg,orange_patch_cat,John,2026-10-01T12:19:27.340746-04:00
2026-09-29/071931_670876_motion.jpg,orange_patch_cat,John,2026-10-01T12:19:27.893189-04:00
2026-09-29/071935_969176_motion.jpg,orange_patch_cat,John,2026-10-01T12:19:28.447175-04:00
2026-09-29/071938_001317_motion.jpg,orange_patch_cat,John,2026-10-01T12:19:29.775502-04:00
2026-09-29/072308_207809_motion.jpg,empty,John,2026-10-01T12:19:30.463803-04:00
2026-09-29/072850_219581_periodic.jpg,empty,John,2026-10-01T12:19:30.863030-04:00
2026-09-29/073505_951196_motion.jpg,empty,John,2026-10-01T12:19:31.195476-04:00
2026-09-29/073850_250490_periodic.jpg,empty,John,2026-10-01T12:19:31.439485-04:00
2026-09-29/074326_428249_motion.jpg,empty,John,2026-10-01T12:19:31.683915-04:00
2026-09-29/074329_127513_motion.jpg,empty,John,2026-10-01T12:19:31.927838-04:00
2026-09-29/074641_442025_motion.jpg,empty,John,2026-10-01T12:19:32.127135-04:00
2026-09-29/074850_250767_periodic.jpg,empty,John,2026-10-01T12:19:32.348906-04:00
2026-09-29/075850_283235_periodic.jpg,empty,John,2026-10-01T12:19:32.571982-04:00
2026-09-29/080453_987274_motion.jpg,empty,John,2026-10-01T12:19:32.770850-04:00
2026-09-29/080456_020000_motion.jpg,empty,John,2026-10-01T12:19:32.970192-04:00
2026-09-29/080458_052478_motion.jpg,empty,John,2026-10-01T12:19:33.148426-04:00
2026-09-29/080456_020000_motion.jpg,black_patch_cat,John,2026-10-01T12:19:36.889452-04:00
2026-09-29/080458_052478_motion.jpg,black_patch_cat,John,2026-10-01T12:19:37.599307-04:00
2026-09-29/080500_084736_motion.jpg,empty,John,2026-10-01T12:19:40.883191-04:00
2026-09-29/080850_314567_periodic.jpg,empty,John,2026-10-01T12:19:41.525552-04:00
2026-09-29/081128_010788_motion.jpg,empty,John,2026-10-01T12:19:41.835093-04:00
2026-09-29/081401_641216_motion.jpg,empty,John,2026-10-01T12:19:42.100895-04:00
2026-09-29/081403_673855_motion.jpg,empty,John,2026-10-01T12:19:42.322382-04:00
2026-09-29/081711_421819_motion.jpg,empty,John,2026-10-01T12:19:42.523121-04:00
2026-09-29/081850_344176_periodic.jpg,empty,John,2026-10-01T12:19:42.700294-04:00
2026-09-29/082801_860741_motion.jpg,empty,John,2026-10-01T12:19:42.899415-04:00
2026-09-29/082850_371891_periodic.jpg,empty,John,2026-10-01T12:19:43.077542-04:00
2026-09-29/083121_903684_motion.jpg,empty,John,2026-10-01T12:19:43.277155-04:00
2026-09-29/083123_936265_motion.jpg,empty,John,2026-10-01T12:19:43.476477-04:00
2026-09-29/083850_401962_periodic.jpg,empty,John,2026-10-01T12:19:43.653757-04:00
2026-09-29/084140_658809_motion.jpg,empty,John,2026-10-01T12:19:43.875525-04:00
2026-09-29/084850_432188_periodic.jpg,empty,John,2026-10-01T12:19:44.052814-04:00
2026-09-29/085850_462596_periodic.jpg,empty,John,2026-10-01T12:19:44.229614-04:00
2026-09-29/090850_492910_periodic.jpg,empty,John,2026-10-01T12:19:44.385109-04:00
2026-09-29/091850_523530_periodic.jpg,empty,John,2026-10-01T12:19:44.607377-04:00
2026-09-29/092735_754251_motion.jpg,empty,John,2026-10-01T12:19:44.807059-04:00
2026-09-29/092850_553967_periodic.jpg,empty,John,2026-10-01T12:19:45.006158-04:00
2026-09-29/093850_584575_periodic.jpg,empty,John,2026-10-01T12:19:45.183826-04:00
2026-09-29/093952_123595_motion.jpg,empty,John,2026-10-01T12:19:45.383286-04:00
2026-09-29/094850_615098_periodic.jpg,empty,John,2026-10-01T12:19:45.583274-04:00
2026-09-29/095755_870133_motion.jpg,empty,John,2026-10-01T12:19:45.759851-04:00
2026-09-29/095850_646076_periodic.jpg,empty,John,2026-10-01T12:19:45.981832-04:00
2026-09-29/100109_317504_motion.jpg,empty,John,2026-10-01T12:19:46.159412-04:00
2026-09-29/100154_497051_motion.jpg,empty,John,2026-10-01T12:19:46.358265-04:00
2026-09-29/100441_788699_motion.jpg,empty,John,2026-10-01T12:19:46.534844-04:00
2026-09-29/100850_677402_periodic.jpg,empty,John,2026-10-01T12:19:46.733410-04:00
2026-09-29/101336_815799_motion.jpg,empty,John,2026-10-01T12:19:46.932748-04:00
2026-09-29/101338_848232_motion.jpg,empty,John,2026-10-01T12:19:47.108998-04:00
2026-09-29/101850_708245_periodic.jpg,empty,John,2026-10-01T12:19:47.308429-04:00
2026-09-29/102850_739011_periodic.jpg,empty,John,2026-10-01T12:19:47.529665-04:00
2026-09-29/103850_771447_periodic.jpg,empty,John,2026-10-01T12:19:47.706242-04:00
2026-09-29/104850_802614_periodic.jpg,empty,John,2026-10-01T12:19:47.904716-04:00
2026-09-29/105850_833786_periodic.jpg,empty,John,2026-10-01T12:19:48.104427-04:00
2026-09-29/110850_863979_periodic.jpg,empty,John,2026-10-01T12:19:48.324647-04:00
2026-09-29/111850_894351_periodic.jpg,empty,John,2026-10-01T12:19:48.502281-04:00
2026-09-29/112850_924788_periodic.jpg,empty,John,2026-10-01T12:19:48.701402-04:00
2026-09-29/113850_955537_periodic.jpg,empty,John,2026-10-01T12:19:48.900042-04:00
2026-09-29/114850_985452_periodic.jpg,empty,John,2026-10-01T12:19:49.098058-04:00
2026-09-29/115851_015716_periodic.jpg,empty,John,2026-10-01T12:19:49.297541-04:00
2026-09-29/120851_046202_periodic.jpg,empty,John,2026-10-01T12:19:49.496157-04:00
2026-09-29/121526_735507_motion.jpg,empty,John,2026-10-01T12:19:49.695855-04:00
2026-09-29/121851_077199_periodic.jpg,empty,John,2026-10-01T12:19:49.915921-04:00
2026-09-29/122851_108041_periodic.jpg,empty,John,2026-10-01T12:19:50.137591-04:00
2026-09-29/123814_389112_motion.jpg,empty,John,2026-10-01T12:19:50.335530-04:00
2026-09-29/123836_345513_motion.jpg,empty,John,2026-10-01T12:19:50.534862-04:00
2026-09-29/123851_138921_periodic.jpg,empty,John,2026-10-01T12:19:50.756392-04:00
2026-09-29/124157_022127_motion.jpg,empty,John,2026-10-01T12:19:50.954954-04:00
2026-09-29/124851_169652_periodic.jpg,empty,John,2026-10-01T12:19:51.176458-04:00
2026-09-29/125111_939471_motion.jpg,empty,John,2026-10-01T12:19:51.375030-04:00
2026-09-29/125113_971891_motion.jpg,empty,John,2026-10-01T12:19:51.595893-04:00
2026-09-29/125111_939471_motion.jpg,orange_patch_cat,John,2026-10-01T12:19:54.824855-04:00
2026-09-29/125113_971891_motion.jpg,orange_patch_cat,John,2026-10-01T12:19:55.289585-04:00
2026-09-29/125116_004598_motion.jpg,orange_patch_cat,John,2026-10-01T12:19:56.396773-04:00
2026-09-29/125118_070510_motion.jpg,orange_patch_cat,John,2026-10-01T12:19:56.971582-04:00
2026-09-29/125120_102843_motion.jpg,orange_patch_cat,John,2026-10-01T12:19:57.635775-04:00
2026-09-29/125851_200029_periodic.jpg,empty,John,2026-10-01T12:19:58.410692-04:00
2026-09-29/130002_034722_motion.jpg,empty,John,2026-10-01T12:19:58.720789-04:00
2026-09-29/130004_067134_motion.jpg,empty,John,2026-10-01T12:19:59.273953-04:00
2026-09-29/130008_531910_motion.jpg,empty,John,2026-10-01T12:19:59.450895-04:00
2026-09-29/130038_884862_motion.jpg,empty,John,2026-10-01T12:19:59.649855-04:00
2026-09-29/130008_531910_motion.jpg,orange_patch_cat,John,2026-10-01T12:20:04.016649-04:00
2026-09-29/130038_884862_motion.jpg,empty,John,2026-10-01T12:20:04.615391-04:00
2026-09-29/130040_917329_motion.jpg,empty,John,2026-10-01T12:20:04.992105-04:00
2026-09-29/130118_533997_motion.jpg,empty,John,2026-10-01T12:20:05.280419-04:00
2026-09-29/130120_567137_motion.jpg,empty,John,2026-10-01T12:20:05.968369-04:00
2026-09-29/130122_598997_motion.jpg,empty,John,2026-10-01T12:20:06.212523-04:00
2026-09-29/130124_631196_motion.jpg,empty,John,2026-10-01T12:20:06.412459-04:00
2026-09-29/130134_093478_motion.jpg,empty,John,2026-10-01T12:20:06.611251-04:00
2026-09-29/130141_257121_motion.jpg,empty,John,2026-10-01T12:20:06.833255-04:00
2026-09-29/130226_869844_motion.jpg,empty,John,2026-10-01T12:20:07.211448-04:00
2026-09-29/130228_902362_motion.jpg,empty,John,2026-10-01T12:20:07.919911-04:00
2026-09-29/130254_157370_motion.jpg,empty,John,2026-10-01T12:20:08.120387-04:00
2026-09-29/130256_189974_motion.jpg,empty,John,2026-10-01T12:20:08.341273-04:00
2026-09-29/130313_682051_motion.jpg,empty,John,2026-10-01T12:20:08.541022-04:00
2026-09-29/130315_714976_motion.jpg,empty,John,2026-10-01T12:20:08.719066-04:00
2026-09-29/130342_469263_motion.jpg,empty,John,2026-10-01T12:20:08.918594-04:00
2026-09-29/130344_501951_motion.jpg,empty,John,2026-10-01T12:20:09.096389-04:00
2026-09-29/130411_989163_motion.jpg,empty,John,2026-10-01T12:20:09.452154-04:00
2026-09-29/130414_021670_motion.jpg,empty,John,2026-10-01T12:20:09.628520-04:00
2026-09-29/130418_786148_motion.jpg,empty,John,2026-10-01T12:20:09.828266-04:00
2026-09-29/130546_746627_motion.jpg,empty,John,2026-10-01T12:20:10.050261-04:00
2026-09-29/130548_779191_motion.jpg,empty,John,2026-10-01T12:20:10.227272-04:00
2026-09-29/130558_008318_motion.jpg,empty,John,2026-10-01T12:20:10.427389-04:00
2026-09-29/130600_041326_motion.jpg,empty,John,2026-10-01T12:20:10.649045-04:00
2026-09-29/130837_636444_motion.jpg,empty,John,2026-10-01T12:20:10.848642-04:00
2026-09-29/130839_669229_motion.jpg,empty,John,2026-10-01T12:20:11.048607-04:00
2026-09-29/130851_230408_periodic.jpg,empty,John,2026-10-01T12:20:11.269182-04:00
2026-09-29/131111_367658_motion.jpg,empty,John,2026-10-01T12:20:11.447031-04:00
2026-09-29/131113_400174_motion.jpg,empty,John,2026-10-01T12:20:11.668838-04:00
2026-09-29/131133_691295_motion.jpg,empty,John,2026-10-01T12:20:11.824103-04:00
2026-09-29/131328_839622_motion.jpg,empty,John,2026-10-01T12:20:12.001277-04:00
2026-09-29/131330_871709_motion.jpg,empty,John,2026-10-01T12:20:12.156154-04:00
2026-09-29/131332_904071_motion.jpg,empty,John,2026-10-01T12:20:12.355846-04:00
2026-09-29/131337_468960_motion.jpg,empty,John,2026-10-01T12:20:12.533666-04:00
2026-09-29/131357_792944_motion.jpg,empty,John,2026-10-01T12:20:12.689004-04:00
2026-09-29/131359_825980_motion.jpg,empty,John,2026-10-01T12:20:12.866725-04:00
2026-09-29/131401_859016_motion.jpg,empty,John,2026-10-01T12:20:13.043861-04:00
2026-09-29/131403_890299_motion.jpg,empty,John,2026-10-01T12:20:13.243208-04:00
2026-09-29/131414_452177_motion.jpg,empty,John,2026-10-01T12:20:13.442821-04:00
2026-09-29/131851_261123_periodic.jpg,empty,John,2026-10-01T12:20:13.619841-04:00
2026-09-29/132038_146684_motion.jpg,empty,John,2026-10-01T12:20:13.820095-04:00
2026-09-29/132121_427215_motion.jpg,empty,John,2026-10-01T12:20:14.018845-04:00
2026-09-29/132134_487705_motion.jpg,empty,John,2026-10-01T12:20:14.218792-04:00
2026-09-29/132136_487852_motion.jpg,empty,John,2026-10-01T12:20:14.440696-04:00
2026-09-29/132154_512091_motion.jpg,empty,John,2026-10-01T12:20:14.617973-04:00
2026-09-29/132156_544222_motion.jpg,empty,John,2026-10-01T12:20:14.839782-04:00
2026-09-29/132201_042163_motion.jpg,empty,John,2026-10-01T12:20:15.038663-04:00
2026-09-29/132214_236164_motion.jpg,empty,John,2026-10-01T12:20:15.239581-04:00
2026-09-29/132226_463832_motion.jpg,empty,John,2026-10-01T12:20:15.437761-04:00
2026-09-29/132228_496584_motion.jpg,empty,John,2026-10-01T12:20:15.660073-04:00
2026-09-29/132851_290307_periodic.jpg,empty,John,2026-10-01T12:20:15.859913-04:00
2026-09-29/133851_319920_periodic.jpg,empty,John,2026-10-01T12:20:16.059146-04:00
2026-09-29/134851_350030_periodic.jpg,empty,John,2026-10-01T12:20:16.259022-04:00
2026-09-29/135646_903443_motion.jpg,empty,John,2026-10-01T12:20:16.457622-04:00
2026-09-29/135851_381082_periodic.jpg,empty,John,2026-10-01T12:20:16.679648-04:00
2026-09-29/140416_035772_motion.jpg,empty,John,2026-10-01T12:20:16.857080-04:00
2026-09-29/140851_412113_periodic.jpg,empty,John,2026-10-01T12:20:17.034021-04:00
2026-09-29/141851_442950_periodic.jpg,empty,John,2026-10-01T12:20:17.255840-04:00
2026-09-29/142851_473477_periodic.jpg,empty,John,2026-10-01T12:20:17.544837-04:00
2026-09-29/143851_503011_periodic.jpg,empty,John,2026-10-01T12:20:17.722802-04:00
2026-09-29/144620_334742_motion.jpg,empty,John,2026-10-01T12:20:17.877068-04:00
2026-09-29/144851_532881_periodic.jpg,empty,John,2026-10-01T12:20:18.076734-04:00
2026-09-29/145851_563321_periodic.jpg,empty,John,2026-10-01T12:20:18.387388-04:00
2026-09-29/150851_595194_periodic.jpg,empty,John,2026-10-01T12:20:18.564818-04:00
2026-09-29/151851_627432_periodic.jpg,empty,John,2026-10-01T12:20:18.763726-04:00
2026-09-29/152342_496918_motion.jpg,empty,John,2026-10-01T12:20:18.962047-04:00
2026-09-29/152851_658419_periodic.jpg,empty,John,2026-10-01T12:20:19.205219-04:00
2026-09-29/153851_689109_periodic.jpg,empty,John,2026-10-01T12:20:19.426891-04:00
2026-09-29/154701_636137_motion.jpg,empty,John,2026-10-01T12:20:19.647858-04:00
2026-09-29/154703_668722_motion.jpg,empty,John,2026-10-01T12:20:19.868911-04:00
2026-09-29/154705_701510_motion.jpg,empty,John,2026-10-01T12:20:20.333399-04:00
2026-09-29/154724_425884_motion.jpg,empty,John,2026-10-01T12:20:20.708337-04:00
2026-09-29/154726_458512_motion.jpg,empty,John,2026-10-01T12:20:20.930171-04:00
2026-09-29/154833_894831_motion.jpg,empty,John,2026-10-01T12:20:21.173258-04:00
2026-09-29/154835_927600_motion.jpg,empty,John,2026-10-01T12:20:21.394548-04:00
2026-09-29/154839_226022_motion.jpg,empty,John,2026-10-01T12:20:21.571978-04:00
2026-09-29/154841_258771_motion.jpg,empty,John,2026-10-01T12:20:21.991695-04:00
2026-09-29/154843_290853_motion.jpg,empty,John,2026-10-01T12:20:22.211458-04:00
2026-09-29/154851_720168_periodic.jpg,empty,John,2026-10-01T12:20:22.388688-04:00
2026-09-29/155136_646065_motion.jpg,empty,John,2026-10-01T12:20:22.609530-04:00
2026-09-29/155138_678758_motion.jpg,empty,John,2026-10-01T12:20:22.830666-04:00
2026-09-29/155213_763286_motion.jpg,empty,John,2026-10-01T12:20:23.029937-04:00
2026-09-29/155241_983467_motion.jpg,empty,John,2026-10-01T12:20:23.250787-04:00
2026-09-29/155252_078932_motion.jpg,empty,John,2026-10-01T12:20:23.427933-04:00
2026-09-29/155254_111476_motion.jpg,empty,John,2026-10-01T12:20:23.648896-04:00
2026-09-29/155522_078506_motion.jpg,empty,John,2026-10-01T12:20:23.847369-04:00
2026-09-29/155524_110609_motion.jpg,empty,John,2026-10-01T12:20:24.068608-04:00
2026-09-29/155526_142929_motion.jpg,empty,John,2026-10-01T12:20:24.245761-04:00
2026-09-29/155551_065689_motion.jpg,empty,John,2026-10-01T12:20:24.421973-04:00
2026-09-29/155553_097638_motion.jpg,empty,John,2026-10-01T12:20:24.599303-04:00
2026-09-29/155746_513542_motion.jpg,empty,John,2026-10-01T12:20:24.798670-04:00
2026-09-29/155748_545965_motion.jpg,empty,John,2026-10-01T12:20:24.953096-04:00
2026-09-29/155812_468288_motion.jpg,empty,John,2026-10-01T12:20:25.129315-04:00
2026-09-29/155814_501206_motion.jpg,empty,John,2026-10-01T12:20:25.305959-04:00
2026-09-29/155816_533325_motion.jpg,empty,John,2026-10-01T12:20:25.461996-04:00
2026-09-29/155818_533757_motion.jpg,empty,John,2026-10-01T12:20:25.638235-04:00
2026-09-29/155850_884355_motion.jpg,empty,John,2026-10-01T12:20:25.816027-04:00
2026-09-29/155851_750878_periodic.jpg,empty,John,2026-10-01T12:20:25.970151-04:00
2026-09-29/155852_916999_motion.jpg,empty,John,2026-10-01T12:20:26.101775-04:00
2026-09-29/155856_882066_motion.jpg,empty,John,2026-10-01T12:20:26.456088-04:00
2026-09-29/155901_413427_motion.jpg,empty,John,2026-10-01T12:20:26.633058-04:00
2026-09-29/155914_574536_motion.jpg,empty,John,2026-10-01T12:20:26.810468-04:00
2026-09-29/155916_606751_motion.jpg,empty,John,2026-10-01T12:20:26.965015-04:00
2026-09-29/155920_804706_motion.jpg,empty,John,2026-10-01T12:20:27.120457-04:00
2026-09-29/155925_502555_motion.jpg,empty,John,2026-10-01T12:20:27.297246-04:00
2026-09-29/155927_768728_motion.jpg,empty,John,2026-10-01T12:20:27.451705-04:00
2026-09-29/155937_663476_motion.jpg,empty,John,2026-10-01T12:20:27.651780-04:00
2026-09-29/160006_484198_motion.jpg,empty,John,2026-10-01T12:20:27.828241-04:00
2026-09-29/160008_550437_motion.jpg,empty,John,2026-10-01T12:20:28.028237-04:00
2026-09-29/160010_550681_motion.jpg,empty,John,2026-10-01T12:20:28.205101-04:00
2026-09-29/160012_581513_motion.jpg,empty,John,2026-10-01T12:20:28.382445-04:00
2026-09-29/160014_615246_motion.jpg,empty,John,2026-10-01T12:20:28.581603-04:00
2026-09-29/160016_646665_motion.jpg,empty,John,2026-10-01T12:20:28.758323-04:00
2026-09-29/160024_809400_motion.jpg,empty,John,2026-10-01T12:20:28.957854-04:00
2026-09-29/160041_401777_motion.jpg,empty,John,2026-10-01T12:20:29.134574-04:00
2026-09-29/160230_219563_motion.jpg,empty,John,2026-10-01T12:20:29.312207-04:00
2026-09-29/160326_927414_motion.jpg,empty,John,2026-10-01T12:20:29.488442-04:00
2026-09-29/160454_421816_motion.jpg,empty,John,2026-10-01T12:20:29.666488-04:00
2026-09-29/160533_570423_motion.jpg,empty,John,2026-10-01T12:20:29.864961-04:00
2026-09-29/160620_849102_motion.jpg,empty,John,2026-10-01T12:20:30.020725-04:00
2026-09-29/160623_314739_motion.jpg,empty,John,2026-10-01T12:20:30.196799-04:00
2026-09-29/160625_347530_motion.jpg,empty,John,2026-10-01T12:20:30.374979-04:00
2026-09-29/160711_660036_motion.jpg,empty,John,2026-10-01T12:20:30.551708-04:00
2026-09-29/160713_692353_motion.jpg,empty,John,2026-10-01T12:20:30.750428-04:00
2026-09-29/160734_416101_motion.jpg,empty,John,2026-10-01T12:20:30.949802-04:00
2026-09-29/160736_448732_motion.jpg,empty,John,2026-10-01T12:20:31.127030-04:00
2026-09-29/160738_481101_motion.jpg,empty,John,2026-10-01T12:20:31.326774-04:00
2026-09-29/160741_513083_motion.jpg,empty,John,2026-10-01T12:20:31.503515-04:00
2026-09-29/160851_781357_periodic.jpg,empty,John,2026-10-01T12:20:31.681105-04:00
2026-09-29/161836_751350_motion.jpg,empty,John,2026-10-01T12:20:31.857579-04:00
2026-09-29/161851_811181_periodic.jpg,empty,John,2026-10-01T12:20:32.057018-04:00
2026-09-29/162447_184874_motion.jpg,empty,John,2026-10-01T12:20:32.234914-04:00
2026-09-29/162851_841250_periodic.jpg,empty,John,2026-10-01T12:20:32.411489-04:00
2026-09-29/163851_871739_periodic.jpg,empty,John,2026-10-01T12:20:32.610729-04:00
2026-09-29/164709_314717_motion.jpg,empty,John,2026-10-01T12:20:32.787832-04:00
2026-09-29/164851_901549_periodic.jpg,empty,John,2026-10-01T12:20:32.987445-04:00
2026-09-29/165851_931228_periodic.jpg,empty,John,2026-10-01T12:20:33.186150-04:00
2026-09-29/170219_471649_motion.jpg,empty,John,2026-10-01T12:20:33.385794-04:00
2026-09-29/170523_621328_motion.jpg,empty,John,2026-10-01T12:20:33.584705-04:00
2026-09-29/170851_961138_periodic.jpg,empty,John,2026-10-01T12:20:33.784445-04:00
2026-09-29/170856_592450_motion.jpg,empty,John,2026-10-01T12:20:33.961110-04:00
2026-09-29/170946_736542_motion.jpg,empty,John,2026-10-01T12:20:34.182807-04:00
2026-09-29/170948_769143_motion.jpg,empty,John,2026-10-01T12:20:34.382014-04:00
2026-09-29/171107_833653_motion.jpg,empty,John,2026-10-01T12:20:34.558401-04:00
2026-09-29/171312_843633_motion.jpg,empty,John,2026-10-01T12:20:34.758980-04:00
2026-09-29/171344_629258_motion.jpg,empty,John,2026-10-01T12:20:34.935924-04:00
2026-09-29/171346_662051_motion.jpg,empty,John,2026-10-01T12:20:35.135917-04:00
2026-09-29/171349_194026_motion.jpg,empty,John,2026-10-01T12:20:35.335170-04:00
2026-09-29/171505_759519_motion.jpg,empty,John,2026-10-01T12:20:35.535072-04:00
2026-09-29/171635_519475_motion.jpg,empty,John,2026-10-01T12:20:35.712784-04:00
2026-09-29/171637_551945_motion.jpg,empty,John,2026-10-01T12:20:35.934065-04:00
2026-09-29/171639_584235_motion.jpg,empty,John,2026-10-01T12:20:36.111518-04:00
2026-09-29/171637_551945_motion.jpg,empty,John,2026-10-01T12:20:39.151411-04:00
2026-09-29/171639_584235_motion.jpg,orange_patch_cat,John,2026-10-01T12:20:39.993382-04:00
2026-09-29/171641_616573_motion.jpg,orange_patch_cat,John,2026-10-01T12:20:41.101041-04:00
2026-09-29/171643_915556_motion.jpg,orange_patch_cat,John,2026-10-01T12:20:41.698998-04:00
2026-09-29/171645_947920_motion.jpg,orange_patch_cat,John,2026-10-01T12:20:42.386764-04:00
2026-09-29/171647_980552_motion.jpg,orange_patch_cat,John,2026-10-01T12:20:42.964167-04:00
2026-09-29/171650_012804_motion.jpg,orange_patch_cat,John,2026-10-01T12:20:44.426982-04:00
2026-09-29/171652_245129_motion.jpg,orange_patch_cat,John,2026-10-01T12:20:45.025810-04:00
2026-09-29/171654_277931_motion.jpg,orange_patch_cat,John,2026-10-01T12:20:45.646526-04:00
2026-09-29/171656_310040_motion.jpg,orange_patch_cat,John,2026-10-01T12:20:46.488502-04:00
2026-09-29/171705_106245_motion.jpg,orange_patch_cat,John,2026-10-01T12:20:47.819320-04:00
2026-09-29/171707_138617_motion.jpg,empty,John,2026-10-01T12:20:48.949379-04:00
2026-09-29/171715_468623_motion.jpg,empty,John,2026-10-01T12:20:49.370751-04:00
2026-09-29/171851_991237_periodic.jpg,empty,John,2026-10-01T12:20:49.769686-04:00
2026-09-29/172045_340559_motion.jpg,empty,John,2026-10-01T12:20:50.146496-04:00
2026-09-29/172045_340559_motion.jpg,black_patch_cat,John,2026-10-01T12:20:53.023259-04:00
2026-09-29/172047_373392_motion.jpg,black_patch_cat,John,2026-10-01T12:20:53.531624-04:00
2026-09-29/172049_405467_motion.jpg,black_patch_cat,John,2026-10-01T12:20:54.990958-04:00
2026-09-29/172051_437775_motion.jpg,empty,John,2026-10-01T12:20:55.742365-04:00
2026-09-29/172129_654421_motion.jpg,empty,John,2026-10-01T12:20:56.383513-04:00
2026-09-29/172327_434944_motion.jpg,empty,John,2026-10-01T12:20:56.781668-04:00
2026-09-29/172329_467578_motion.jpg,empty,John,2026-10-01T12:20:57.246059-04:00
2026-09-29/172407_183961_motion.jpg,empty,John,2026-10-01T12:20:57.909972-04:00
2026-09-29/172409_216327_motion.jpg,empty,John,2026-10-01T12:20:58.308063-04:00
2026-09-29/172409_216327_motion.jpg,black_patch_cat,John,2026-10-01T12:20:59.723061-04:00
2026-09-29/172411_248944_motion.jpg,black_patch_cat,John,2026-10-01T12:21:00.099135-04:00
2026-09-29/172413_281761_motion.jpg,black_patch_cat,John,2026-10-01T12:21:00.653173-04:00
2026-09-29/172415_313726_motion.jpg,black_patch_cat,John,2026-10-01T12:21:01.184947-04:00
2026-09-29/172417_347133_motion.jpg,black_patch_cat,John,2026-10-01T12:21:01.804931-04:00
2026-09-29/172419_378557_motion.jpg,black_patch_cat,John,2026-10-01T12:21:02.513032-04:00
2026-09-29/172422_410473_motion.jpg,black_patch_cat,John,2026-10-01T12:21:03.088226-04:00
2026-09-29/172627_322313_motion.jpg,empty,John,2026-10-01T12:21:04.063226-04:00
2026-09-29/172629_353722_motion.jpg,empty,John,2026-10-01T12:21:04.484319-04:00
2026-09-29/172631_386256_motion.jpg,empty,John,2026-10-01T12:21:05.080907-04:00
2026-09-29/172852_023096_periodic.jpg,empty,John,2026-10-01T12:21:05.258608-04:00
2026-09-29/173047_871377_motion.jpg,empty,John,2026-10-01T12:21:05.435386-04:00
2026-09-29/173057_233752_motion.jpg,empty,John,2026-10-01T12:21:05.634249-04:00
2026-09-29/173136_916001_motion.jpg,empty,John,2026-10-01T12:21:05.811837-04:00
2026-09-29/173446_630992_motion.jpg,empty,John,2026-10-01T12:21:05.988658-04:00
2026-09-29/173630_617694_motion.jpg,empty,John,2026-10-01T12:21:06.188177-04:00
2026-09-29/173632_650304_motion.jpg,empty,John,2026-10-01T12:21:06.387763-04:00
2026-09-29/173745_950682_motion.jpg,empty,John,2026-10-01T12:21:06.609444-04:00
2026-09-29/173747_983293_motion.jpg,empty,John,2026-10-01T12:21:06.941120-04:00
2026-09-29/173835_561836_motion.jpg,empty,John,2026-10-01T12:21:07.140533-04:00
2026-09-29/173837_594537_motion.jpg,empty,John,2026-10-01T12:21:07.317616-04:00
2026-09-29/173852_053986_periodic.jpg,empty,John,2026-10-01T12:21:07.539767-04:00
2026-09-29/173958_658124_motion.jpg,empty,John,2026-10-01T12:21:07.717362-04:00
2026-09-29/174024_612760_motion.jpg,empty,John,2026-10-01T12:21:07.916214-04:00
2026-09-29/174026_645766_motion.jpg,empty,John,2026-10-01T12:21:08.115955-04:00
2026-09-29/174101_130029_motion.jpg,empty,John,2026-10-01T12:21:08.293411-04:00
2026-09-29/174134_881428_motion.jpg,empty,John,2026-10-01T12:21:08.471490-04:00
2026-09-29/174137_113897_motion.jpg,empty,John,2026-10-01T12:21:08.626856-04:00
2026-09-29/174236_787227_motion.jpg,empty,John,2026-10-01T12:21:08.803564-04:00
2026-09-29/174238_819536_motion.jpg,empty,John,2026-10-01T12:21:08.982075-04:00
2026-09-29/174322_566631_motion.jpg,empty,John,2026-10-01T12:21:09.114260-04:00
2026-09-29/174324_598897_motion.jpg,empty,John,2026-10-01T12:21:09.269814-04:00
2026-09-29/174326_631080_motion.jpg,empty,John,2026-10-01T12:21:09.447316-04:00
2026-09-29/174330_229451_motion.jpg,empty,John,2026-10-01T12:21:09.624597-04:00
2026-09-29/174332_262043_motion.jpg,empty,John,2026-10-01T12:21:09.758222-04:00
2026-09-29/174337_292976_motion.jpg,empty,John,2026-10-01T12:21:09.934578-04:00
2026-09-29/174339_325583_motion.jpg,empty,John,2026-10-01T12:21:10.112438-04:00
2026-09-29/174341_358388_motion.jpg,empty,John,2026-10-01T12:21:10.289522-04:00
2026-09-29/174343_390352_motion.jpg,empty,John,2026-10-01T12:21:10.467478-04:00
2026-09-29/174630_648429_motion.jpg,empty,John,2026-10-01T12:21:10.645262-04:00
2026-09-29/174632_681326_motion.jpg,empty,John,2026-10-01T12:21:10.822500-04:00
2026-09-29/174828_462273_motion.jpg,empty,John,2026-10-01T12:21:11.021439-04:00
2026-09-29/174852_084947_periodic.jpg,empty,John,2026-10-01T12:21:11.221024-04:00
2026-09-29/174911_343074_motion.jpg,empty,John,2026-10-01T12:21:11.398546-04:00
2026-09-29/174913_375637_motion.jpg,empty,John,2026-10-01T12:21:11.597836-04:00
2026-09-29/174935_931954_motion.jpg,empty,John,2026-10-01T12:21:11.775691-04:00
2026-09-29/175257_908281_motion.jpg,empty,John,2026-10-01T12:21:11.952473-04:00
2026-09-29/175311_868356_motion.jpg,empty,John,2026-10-01T12:21:12.152486-04:00
2026-09-29/175313_901290_motion.jpg,empty,John,2026-10-01T12:21:12.330461-04:00
2026-09-29/175429_667540_motion.jpg,empty,John,2026-10-01T12:21:12.484840-04:00
2026-09-29/175514_946239_motion.jpg,empty,John,2026-10-01T12:21:12.685055-04:00
2026-09-29/175852_116116_periodic.jpg,empty,John,2026-10-01T12:21:13.373008-04:00
2026-09-29/180852_147386_periodic.jpg,empty,John,2026-10-01T12:21:13.549348-04:00
2026-09-29/181311_164806_motion.jpg,empty,John,2026-10-01T12:21:13.749532-04:00
2026-09-29/181852_178333_periodic.jpg,empty,John,2026-10-01T12:21:13.949355-04:00
2026-09-29/181912_536573_motion.jpg,empty,John,2026-10-01T12:21:14.148618-04:00
2026-09-29/181927_029352_motion.jpg,empty,John,2026-10-01T12:21:14.326065-04:00
2026-09-29/181929_061878_motion.jpg,empty,John,2026-10-01T12:21:14.526253-04:00
2026-09-29/181931_294242_motion.jpg,empty,John,2026-10-01T12:21:14.725024-04:00
2026-09-29/181933_327788_motion.jpg,empty,John,2026-10-01T12:21:14.925341-04:00
2026-09-29/182033_432823_motion.jpg,empty,John,2026-10-01T12:21:15.146353-04:00
2026-09-29/182041_595315_motion.jpg,empty,John,2026-10-01T12:21:15.301932-04:00
2026-09-29/182122_277336_motion.jpg,empty,John,2026-10-01T12:21:15.480028-04:00
2026-09-29/182124_309945_motion.jpg,empty,John,2026-10-01T12:21:15.656167-04:00
2026-09-29/182134_438965_motion.jpg,empty,John,2026-10-01T12:21:15.856512-04:00
2026-09-29/182136_439344_motion.jpg,empty,John,2026-10-01T12:21:16.011741-04:00
2026-09-29/182138_471495_motion.jpg,empty,John,2026-10-01T12:21:16.188458-04:00
2026-09-29/182145_067406_motion.jpg,empty,John,2026-10-01T12:21:16.366632-04:00
2026-09-29/182153_863337_motion.jpg,empty,John,2026-10-01T12:21:16.542841-04:00
2026-09-29/182202_759456_motion.jpg,empty,John,2026-10-01T12:21:16.720671-04:00
2026-09-29/182213_487881_motion.jpg,empty,John,2026-10-01T12:21:16.897827-04:00
2026-09-29/182230_346904_motion.jpg,empty,John,2026-10-01T12:21:17.075925-04:00
2026-09-29/182232_380405_motion.jpg,empty,John,2026-10-01T12:21:17.253140-04:00
2026-09-29/182310_728715_motion.jpg,empty,John,2026-10-01T12:21:17.430070-04:00
2026-09-29/182312_761103_motion.jpg,empty,John,2026-10-01T12:21:17.629701-04:00
2026-09-29/182317_526764_motion.jpg,empty,John,2026-10-01T12:21:17.806612-04:00
2026-09-29/182323_423059_motion.jpg,empty,John,2026-10-01T12:21:17.984296-04:00
2026-09-29/182325_455554_motion.jpg,empty,John,2026-10-01T12:21:18.184360-04:00
2026-09-29/182358_707313_motion.jpg,empty,John,2026-10-01T12:21:18.338759-04:00
2026-09-29/182433_125000_motion.jpg,empty,John,2026-10-01T12:21:18.516808-04:00
2026-09-29/182446_453024_motion.jpg,empty,John,2026-10-01T12:21:18.694179-04:00
2026-09-29/182448_485176_motion.jpg,empty,John,2026-10-01T12:21:18.871298-04:00
2026-09-29/182452_216913_motion.jpg,empty,John,2026-10-01T12:21:19.048417-04:00
2026-09-29/182454_250821_motion.jpg,empty,John,2026-10-01T12:21:19.225832-04:00
2026-09-29/182511_941193_motion.jpg,empty,John,2026-10-01T12:21:19.424969-04:00
2026-09-29/182538_895595_motion.jpg,empty,John,2026-10-01T12:21:19.602086-04:00
2026-09-29/182543_293638_motion.jpg,empty,John,2026-10-01T12:21:19.802485-04:00
2026-09-29/182545_326192_motion.jpg,empty,John,2026-10-01T12:21:19.979629-04:00
2026-09-29/182603_118227_motion.jpg,empty,John,2026-10-01T12:21:20.178857-04:00
2026-09-29/182731_511746_motion.jpg,empty,John,2026-10-01T12:21:20.378176-04:00
2026-09-29/182733_544373_motion.jpg,empty,John,2026-10-01T12:21:20.556039-04:00
2026-09-29/182852_208677_periodic.jpg,empty,John,2026-10-01T12:21:20.733091-04:00
2026-09-29/183852_238922_periodic.jpg,empty,John,2026-10-01T12:21:20.954802-04:00
2026-09-29/183905_966110_motion.jpg,empty,John,2026-10-01T12:21:21.154796-04:00
2026-09-29/183921_392391_motion.jpg,empty,John,2026-10-01T12:21:21.331208-04:00
2026-09-29/183923_424953_motion.jpg,empty,John,2026-10-01T12:21:21.509368-04:00
2026-09-29/183925_557320_motion.jpg,empty,John,2026-10-01T12:21:21.708625-04:00
2026-09-29/183921_392391_motion.jpg,empty,John,2026-10-01T12:21:25.318013-04:00
2026-09-29/183923_424953_motion.jpg,orange_patch_cat,John,2026-10-01T12:21:26.069371-04:00
2026-09-29/183925_557320_motion.jpg,orange_patch_cat,John,2026-10-01T12:21:26.556792-04:00
2026-09-29/184015_900899_motion.jpg,empty,John,2026-10-01T12:21:27.418515-04:00
2026-09-29/184026_364082_motion.jpg,empty,John,2026-10-01T12:21:27.617510-04:00
2026-09-29/184133_865972_motion.jpg,empty,John,2026-10-01T12:21:27.794221-04:00
2026-09-29/184852_269959_periodic.jpg,empty,John,2026-10-01T12:21:27.970802-04:00
2026-09-29/185518_029460_motion.jpg,empty,John,2026-10-01T12:21:28.435439-04:00
2026-09-29/185533_723068_motion.jpg,empty,John,2026-10-01T12:21:28.612458-04:00
2026-09-29/185852_299506_periodic.jpg,empty,John,2026-10-01T12:21:28.788308-04:00
2026-09-29/190316_547856_motion.jpg,empty,John,2026-10-01T12:21:28.965400-04:00
2026-09-29/190427_649387_motion.jpg,empty,John,2026-10-01T12:21:29.165506-04:00
2026-09-29/190429_683128_motion.jpg,empty,John,2026-10-01T12:21:29.363302-04:00
2026-09-29/190451_639793_motion.jpg,empty,John,2026-10-01T12:21:29.540486-04:00
2026-09-29/190506_332189_motion.jpg,empty,John,2026-10-01T12:21:29.717381-04:00
2026-09-29/190509_930805_motion.jpg,empty,John,2026-10-01T12:21:29.915888-04:00
2026-09-29/190702_147110_motion.jpg,empty,John,2026-10-01T12:21:30.115494-04:00
2026-09-29/190852_331192_periodic.jpg,empty,John,2026-10-01T12:21:30.315571-04:00
2026-09-29/191622_196510_motion.jpg,empty,John,2026-10-01T12:21:30.512850-04:00
2026-09-29/191624_229091_motion.jpg,empty,John,2026-10-01T12:21:30.711963-04:00
2026-09-29/191626_394700_motion.jpg,empty,John,2026-10-01T12:21:30.911883-04:00
2026-09-29/191624_229091_motion.jpg,orange_patch_cat,John,2026-10-01T12:21:33.301876-04:00
2026-09-29/191626_394700_motion.jpg,orange_patch_cat,John,2026-10-01T12:21:33.523407-04:00
2026-09-29/191748_457954_motion.jpg,empty,John,2026-10-01T12:21:33.921766-04:00
2026-09-29/191755_689008_motion.jpg,empty,John,2026-10-01T12:21:34.120730-04:00
2026-09-29/191824_409074_motion.jpg,empty,John,2026-10-01T12:21:34.320703-04:00
2026-09-29/191826_442136_motion.jpg,empty,John,2026-10-01T12:21:34.608952-04:00
2026-09-29/191824_409074_motion.jpg,black_patch_cat,John,2026-10-01T12:21:36.446327-04:00
2026-09-29/191826_442136_motion.jpg,black_patch_cat,John,2026-10-01T12:21:36.756446-04:00
2026-09-29/191833_904482_motion.jpg,black_patch_cat,John,2026-10-01T12:21:37.243944-04:00
2026-09-29/191835_936943_motion.jpg,black_patch_cat,John,2026-10-01T12:21:38.328623-04:00
2026-09-29/191837_969335_motion.jpg,black_patch_cat,John,2026-10-01T12:21:38.881715-04:00
2026-09-29/191841_967517_motion.jpg,black_patch_cat,John,2026-10-01T12:21:39.458121-04:00
2026-09-29/191844_000356_motion.jpg,empty,John,2026-10-01T12:21:41.253385-04:00
2026-09-29/191851_431006_motion.jpg,empty,John,2026-10-01T12:21:42.451241-04:00
2026-09-29/191852_363101_periodic.jpg,empty,John,2026-10-01T12:21:42.983595-04:00
2026-09-29/191853_462498_motion.jpg,empty,John,2026-10-01T12:21:43.249368-04:00
2026-09-29/191856_095658_motion.jpg,black_patch_cat,John,2026-10-01T12:21:44.381153-04:00
2026-09-29/191858_126991_motion.jpg,black_patch_cat,John,2026-10-01T12:21:45.068085-04:00
2026-09-29/191901_659686_motion.jpg,black_patch_cat,John,2026-10-01T12:21:46.199439-04:00
2026-09-29/191904_058659_motion.jpg,black_patch_cat,John,2026-10-01T12:21:46.753687-04:00
2026-09-29/192015_625510_motion.jpg,empty,John,2026-10-01T12:21:47.685926-04:00
2026-09-29/192119_763461_motion.jpg,empty,John,2026-10-01T12:21:47.906662-04:00
2026-09-29/192321_809678_motion.jpg,empty,John,2026-10-01T12:21:48.150987-04:00
2026-09-29/192324_307308_motion.jpg,empty,John,2026-10-01T12:21:48.594400-04:00
2026-09-29/192414_184886_motion.jpg,empty,John,2026-10-01T12:21:48.794253-04:00
2026-09-29/192558_605304_motion.jpg,empty,John,2026-10-01T12:21:49.015387-04:00
2026-09-29/192622_294429_motion.jpg,empty,John,2026-10-01T12:21:49.481570-04:00
2026-09-29/192624_326784_motion.jpg,empty,John,2026-10-01T12:21:50.700410-04:00
2026-09-29/192626_859598_motion.jpg,empty,John,2026-10-01T12:21:51.254685-04:00
2026-09-29/192628_891494_motion.jpg,empty,John,2026-10-01T12:21:51.742492-04:00
2026-09-29/192631_157061_motion.jpg,empty,John,2026-10-01T12:21:52.141427-04:00
2026-09-29/192636_154803_motion.jpg,empty,John,2026-10-01T12:21:52.562576-04:00
2026-09-29/192638_187714_motion.jpg,orange_patch_cat,John,2026-10-01T12:21:54.114391-04:00
2026-09-29/192647_416395_motion.jpg,orange_patch_cat,John,2026-10-01T12:21:56.109121-04:00
2026-09-29/192651_482510_motion.jpg,empty,John,2026-10-01T12:21:56.839192-04:00
2026-09-29/192659_077931_motion.jpg,empty,John,2026-10-01T12:21:57.258360-04:00
2026-09-29/192852_394777_periodic.jpg,empty,John,2026-10-01T12:21:57.921784-04:00
2026-09-29/192923_279771_motion.jpg,empty,John,2026-10-01T12:21:58.164701-04:00
2026-09-29/192939_140251_motion.jpg,empty,John,2026-10-01T12:21:58.519200-04:00
2026-09-29/192942_038034_motion.jpg,empty,John,2026-10-01T12:21:58.806435-04:00
2026-09-29/192944_070570_motion.jpg,empty,John,2026-10-01T12:21:59.203815-04:00
2026-09-29/192949_601365_motion.jpg,empty,John,2026-10-01T12:21:59.545381-04:00
2026-09-29/193037_913036_motion.jpg,empty,John,2026-10-01T12:21:59.801653-04:00
2026-09-29/193039_945433_motion.jpg,empty,John,2026-10-01T12:22:00.022260-04:00
2026-09-29/193331_468331_motion.jpg,empty,John,2026-10-01T12:22:00.220634-04:00
2026-09-29/193333_468685_motion.jpg,empty,John,2026-10-01T12:22:00.442674-04:00
2026-09-29/193335_501204_motion.jpg,empty,John,2026-10-01T12:22:00.663039-04:00
2026-09-29/193429_475859_motion.jpg,empty,John,2026-10-01T12:22:01.017157-04:00
2026-09-29/193431_476053_motion.jpg,empty,John,2026-10-01T12:22:01.238103-04:00
2026-09-29/193440_172428_motion.jpg,empty,John,2026-10-01T12:22:01.437626-04:00
2026-09-29/193600_936268_motion.jpg,empty,John,2026-10-01T12:22:01.635822-04:00
2026-09-29/193602_967474_motion.jpg,empty,John,2026-10-01T12:22:01.836591-04:00
2026-09-29/193835_831030_motion.jpg,empty,John,2026-10-01T12:22:02.056137-04:00
2026-09-29/193837_863988_motion.jpg,empty,John,2026-10-01T12:22:02.298979-04:00
2026-09-29/193852_423444_periodic.jpg,empty,John,2026-10-01T12:22:02.476562-04:00
2026-09-29/193945_299350_motion.jpg,empty,John,2026-10-01T12:22:02.830121-04:00
2026-09-29/193947_332003_motion.jpg,empty,John,2026-10-01T12:22:03.082455-04:00
2026-09-29/193945_299350_motion.jpg,orange_patch_cat,John,2026-10-01T12:22:07.913443-04:00
2026-09-29/193947_332003_motion.jpg,orange_patch_cat,John,2026-10-01T12:22:08.973148-04:00
2026-09-29/194553_299843_motion.jpg,empty,John,2026-10-01T12:22:09.791444-04:00
2026-09-29/194557_164828_motion.jpg,empty,John,2026-10-01T12:22:09.989242-04:00
2026-09-29/194559_197366_motion.jpg,empty,John,2026-10-01T12:22:10.188014-04:00
2026-09-29/194608_826139_motion.jpg,empty,John,2026-10-01T12:22:10.387980-04:00
2026-09-29/194852_452123_periodic.jpg,empty,John,2026-10-01T12:22:10.586395-04:00
2026-09-29/195002_954160_motion.jpg,empty,John,2026-10-01T12:22:10.784934-04:00
2026-09-29/195004_954427_motion.jpg,empty,John,2026-10-01T12:22:10.983907-04:00
2026-09-29/195002_954160_motion.jpg,orange_patch_cat,John,2026-10-01T12:22:13.018163-04:00
2026-09-29/195004_954427_motion.jpg,orange_patch_cat,John,2026-10-01T12:22:13.726730-04:00
2026-09-29/195406_544304_motion.jpg,empty,John,2026-10-01T12:22:14.346909-04:00
2026-09-29/195408_544569_motion.jpg,empty,John,2026-10-01T12:22:14.590451-04:00
2026-09-29/195417_739305_motion.jpg,empty,John,2026-10-01T12:22:14.744965-04:00
2026-09-29/195545_033311_motion.jpg,empty,John,2026-10-01T12:22:14.966188-04:00
2026-09-29/195547_065822_motion.jpg,empty,John,2026-10-01T12:22:15.343069-04:00
2026-09-29/195643_606964_motion.jpg,empty,John,2026-10-01T12:22:15.564199-04:00
2026-09-29/195646_805609_motion.jpg,empty,John,2026-10-01T12:22:15.785783-04:00
2026-09-29/195649_070993_motion.jpg,empty,John,2026-10-01T12:22:16.006859-04:00
2026-09-29/195646_805609_motion.jpg,empty,John,2026-10-01T12:22:21.461881-04:00
2026-09-29/195649_070993_motion.jpg,empty,John,2026-10-01T12:22:22.290985-04:00
2026-09-29/195651_103403_motion.jpg,orange_patch_cat,John,2026-10-01T12:22:23.809511-04:00
2026-09-29/195653_135840_motion.jpg,orange_patch_cat,John,2026-10-01T12:22:24.805979-04:00
2026-09-29/195701_665506_motion.jpg,empty,John,2026-10-01T12:22:27.066098-04:00
2026-09-29/195807_835652_motion.jpg,empty,John,2026-10-01T12:22:27.507838-04:00
2026-09-29/195809_836035_motion.jpg,empty,John,2026-10-01T12:22:28.105952-04:00
2026-09-29/195815_066645_motion.jpg,empty,John,2026-10-01T12:22:28.593200-04:00
2026-09-29/195817_099323_motion.jpg,empty,John,2026-10-01T12:22:29.146343-04:00
2026-09-29/195820_031320_motion.jpg,empty,John,2026-10-01T12:22:29.633611-04:00
2026-09-29/195830_825379_motion.jpg,empty,John,2026-10-01T12:22:30.142562-04:00
2026-09-29/195832_825546_motion.jpg,empty,John,2026-10-01T12:22:30.651961-04:00
2026-09-29/195852_482351_periodic.jpg,empty,John,2026-10-01T12:22:31.116299-04:00
2026-09-29/195924_902524_motion.jpg,empty,John,2026-10-01T12:22:31.581177-04:00
2026-09-29/200225_786343_motion.jpg,empty,John,2026-10-01T12:22:32.068323-04:00
2026-09-29/200251_675682_motion.jpg,empty,John,2026-10-01T12:22:32.865653-04:00
2026-09-29/200740_444578_motion.jpg,empty,John,2026-10-01T12:22:33.484822-04:00
2026-09-29/200742_477457_motion.jpg,empty,John,2026-10-01T12:22:34.037168-04:00
2026-09-29/200852_513178_periodic.jpg,empty,John,2026-10-01T12:22:34.569327-04:00
2026-09-29/200940_525190_motion.jpg,empty,John,2026-10-01T12:22:35.940921-04:00
2026-09-29/200942_556707_motion.jpg,black_patch_cat,John,2026-10-01T12:22:36.959779-04:00
2026-09-29/200944_589242_motion.jpg,black_patch_cat,John,2026-10-01T12:22:38.132821-04:00
2026-09-29/200946_621984_motion.jpg,black_patch_cat,John,2026-10-01T12:22:38.729591-04:00
2026-09-29/200948_654897_motion.jpg,black_patch_cat,John,2026-10-01T12:22:39.327673-04:00
2026-09-29/200954_617795_motion.jpg,black_patch_cat,John,2026-10-01T12:22:40.566931-04:00
2026-09-29/200954_617795_motion.jpg,empty,John,2026-10-01T12:22:42.314930-04:00
2026-09-29/200958_882351_motion.jpg,empty,John,2026-10-01T12:22:42.536500-04:00
2026-09-29/201346_147640_motion.jpg,empty,John,2026-10-01T12:22:43.444475-04:00
2026-09-29/201348_179696_motion.jpg,orange_patch_cat,John,2026-10-01T12:22:44.618107-04:00
2026-09-29/201352_578096_motion.jpg,orange_patch_cat,John,2026-10-01T12:22:45.215728-04:00
2026-09-29/201452_284705_motion.jpg,orange_patch_cat,John,2026-10-01T12:22:46.012723-04:00
2026-09-29/201455_349842_motion.jpg,orange_patch_cat,John,2026-10-01T12:22:46.632893-04:00
2026-09-29/201457_382588_motion.jpg,orange_patch_cat,John,2026-10-01T12:22:47.739848-04:00
2026-09-29/201459_914598_motion.jpg,orange_patch_cat,John,2026-10-01T12:22:48.315599-04:00
2026-09-29/201514_807835_motion.jpg,orange_patch_cat,John,2026-10-01T12:22:48.891171-04:00
2026-09-29/201852_543531_periodic.jpg,empty,John,2026-10-01T12:22:49.954355-04:00
2026-09-29/202018_173103_motion.jpg,empty,John,2026-10-01T12:22:50.441965-04:00
2026-09-29/202020_204503_motion.jpg,empty,John,2026-10-01T12:22:50.884727-04:00
2026-09-29/202058_254231_motion.jpg,empty,John,2026-10-01T12:22:52.229755-04:00
2026-09-29/202100_286732_motion.jpg,empty,John,2026-10-01T12:22:53.027165-04:00
2026-09-29/202100_286732_motion.jpg,orange_patch_cat,John,2026-10-01T12:22:55.331059-04:00
2026-09-29/202342_980347_motion.jpg,empty,John,2026-10-01T12:22:55.884411-04:00
2026-09-29/202852_574612_periodic.jpg,empty,John,2026-10-01T12:22:56.593754-04:00
2026-09-29/203325_152325_motion.jpg,empty,John,2026-10-01T12:22:57.125605-04:00
2026-09-29/203519_834251_motion.jpg,empty,John,2026-10-01T12:22:57.568195-04:00
2026-09-29/203852_605613_periodic.jpg,empty,John,2026-10-01T12:22:58.033915-04:00
2026-09-29/204852_636130_periodic.jpg,empty,John,2026-10-01T12:22:58.698192-04:00
2026-09-29/205625_799825_motion.jpg,empty,John,2026-10-01T12:22:59.960863-04:00
2026-09-29/205629_365302_motion.jpg,empty,John,2026-10-01T12:23:01.068038-04:00
2026-09-29/205631_365519_motion.jpg,orange_patch_cat,John,2026-10-01T12:23:02.330291-04:00
2026-09-29/205705_681766_motion.jpg,orange_patch_cat,John,2026-10-01T12:23:03.082137-04:00
2026-09-29/205707_714272_motion.jpg,orange_patch_cat,John,2026-10-01T12:23:03.701944-04:00
2026-09-29/205709_747098_motion.jpg,orange_patch_cat,John,2026-10-01T12:23:04.610740-04:00
2026-09-29/205731_303620_motion.jpg,empty,John,2026-10-01T12:23:05.938489-04:00
2026-09-29/205733_336528_motion.jpg,empty,John,2026-10-01T12:23:06.535255-04:00
2026-09-29/205804_255553_motion.jpg,empty,John,2026-10-01T12:23:07.664062-04:00
2026-09-29/205852_666782_periodic.jpg,empty,John,2026-10-01T12:23:08.528389-04:00
2026-09-29/210852_698813_periodic.jpg,empty,John,2026-10-01T12:23:09.014595-04:00
2026-09-29/211643_986407_motion.jpg,empty,John,2026-10-01T12:23:09.479584-04:00
2026-09-29/211739_628053_motion.jpg,empty,John,2026-10-01T12:23:09.922351-04:00
2026-09-29/211809_548239_motion.jpg,empty,John,2026-10-01T12:23:10.431589-04:00
2026-09-29/211828_439458_motion.jpg,empty,John,2026-10-01T12:23:13.397970-04:00
2026-09-29/211828_439458_motion.jpg,orange_patch_cat,John,2026-10-01T12:23:15.056799-04:00
2026-09-29/211830_472031_motion.jpg,orange_patch_cat,John,2026-10-01T12:23:15.986942-04:00
2026-09-29/211833_104117_motion.jpg,orange_patch_cat,John,2026-10-01T12:23:16.562140-04:00
2026-09-29/211840_300850_motion.jpg,orange_patch_cat,John,2026-10-01T12:23:17.138057-04:00
2026-09-29/211842_334487_motion.jpg,orange_patch_cat,John,2026-10-01T12:23:17.934496-04:00
2026-09-29/211850_697194_motion.jpg,orange_patch_cat,John,2026-10-01T12:23:18.532888-04:00
2026-09-29/211852_728690_motion.jpg,orange_patch_cat,John,2026-10-01T12:23:20.148619-04:00
2026-09-29/211852_762452_periodic.jpg,orange_patch_cat,John,2026-10-01T12:23:20.768875-04:00
2026-09-29/212503_262703_motion.jpg,empty,John,2026-10-01T12:23:21.721481-04:00
2026-09-29/212505_262923_motion.jpg,black_patch_cat,John,2026-10-01T12:23:22.584440-04:00
2026-09-29/212507_961797_motion.jpg,black_patch_cat,John,2026-10-01T12:23:23.028426-04:00
2026-09-29/212852_793073_periodic.jpg,empty,John,2026-10-01T12:23:24.546773-04:00
2026-09-29/213002_928335_motion.jpg,empty,John,2026-10-01T12:23:24.990334-04:00
2026-09-29/213019_121078_motion.jpg,empty,John,2026-10-01T12:23:25.433161-04:00
2026-09-29/213852_824700_periodic.jpg,empty,John,2026-10-01T12:23:25.765227-04:00
2026-09-29/213922_477350_motion.jpg,empty,John,2026-10-01T12:23:26.163624-04:00
2026-09-29/214852_855039_periodic.jpg,empty,John,2026-10-01T12:23:26.562747-04:00
2026-09-29/215852_886805_periodic.jpg,empty,John,2026-10-01T12:23:26.917127-04:00
2026-09-29/220852_917738_periodic.jpg,empty,John,2026-10-01T12:23:27.359868-04:00
2026-09-29/221852_949600_periodic.jpg,empty,John,2026-10-01T12:23:28.844354-04:00
2026-09-29/222852_979194_periodic.jpg,empty,John,2026-10-01T12:23:29.287859-04:00
2026-09-29/223853_007321_periodic.jpg,empty,John,2026-10-01T12:23:29.708581-04:00
2026-09-29/224415_195592_motion.jpg,empty,John,2026-10-01T12:23:30.152033-04:00
2026-09-29/224417_227390_motion.jpg,empty,John,2026-10-01T12:23:30.572730-04:00
2026-09-29/224522_497835_motion.jpg,empty,John,2026-10-01T12:23:30.971615-04:00
2026-09-29/224710_915787_motion.jpg,empty,John,2026-10-01T12:23:31.436495-04:00
2026-09-29/224712_916150_motion.jpg,empty,John,2026-10-01T12:23:31.813551-04:00
2026-09-29/224743_301290_motion.jpg,empty,John,2026-10-01T12:23:32.344293-04:00
2026-09-29/224745_334820_motion.jpg,empty,John,2026-10-01T12:23:32.742830-04:00
2026-09-29/224759_128595_motion.jpg,empty,John,2026-10-01T12:23:33.165358-04:00
2026-09-29/224801_160414_motion.jpg,empty,John,2026-10-01T12:23:33.540890-04:00
2026-09-29/224835_877794_motion.jpg,empty,John,2026-10-01T12:23:33.940009-04:00
2026-09-29/224848_705353_motion.jpg,empty,John,2026-10-01T12:23:34.337393-04:00
2026-09-29/224853_036419_periodic.jpg,empty,John,2026-10-01T12:23:34.690832-04:00
2026-09-29/225316_917934_motion.jpg,empty,John,2026-10-01T12:23:35.155937-04:00
2026-09-29/225318_918128_motion.jpg,empty,John,2026-10-01T12:23:35.530784-04:00
2026-09-29/225327_879756_motion.jpg,empty,John,2026-10-01T12:23:36.017798-04:00
2026-09-29/225629_097893_motion.jpg,empty,John,2026-10-01T12:23:36.393313-04:00
2026-09-29/225631_130727_motion.jpg,empty,John,2026-10-01T12:23:36.967932-04:00
2026-09-29/225853_066838_periodic.jpg,empty,John,2026-10-01T12:23:37.367169-04:00
2026-09-29/230853_096938_periodic.jpg,empty,John,2026-10-01T12:23:37.940941-04:00
2026-09-29/231853_127539_periodic.jpg,empty,John,2026-10-01T12:23:39.267868-04:00
2026-09-29/232853_157383_periodic.jpg,empty,John,2026-10-01T12:23:39.797615-04:00
2026-09-29/233853_189994_periodic.jpg,empty,John,2026-10-01T12:23:40.351032-04:00
2026-09-29/234853_219866_periodic.jpg,empty,John,2026-10-01T12:23:40.991496-04:00
2026-09-29/235853_251090_periodic.jpg,empty,John,2026-10-01T12:23:41.544361-04:00
2026-09-30/000853_280898_periodic.jpg,empty,John,2026-10-01T12:23:42.075348-04:00
2026-09-30/001853_312326_periodic.jpg,empty,John,2026-10-01T12:23:43.025483-04:00
2026-09-30/002853_342646_periodic.jpg,empty,John,2026-10-01T12:23:43.511570-04:00
2026-09-30/003853_373757_periodic.jpg,empty,John,2026-10-01T12:23:44.086371-04:00
2026-09-30/004853_403466_periodic.jpg,empty,John,2026-10-01T12:23:44.970039-04:00
2026-09-30/005853_433821_periodic.jpg,empty,John,2026-10-01T12:23:45.522569-04:00
2026-09-30/010853_463842_periodic.jpg,empty,John,2026-10-01T12:23:46.075395-04:00
2026-09-30/011853_494417_periodic.jpg,empty,John,2026-10-01T12:23:46.516963-04:00
2026-09-30/012853_524121_periodic.jpg,empty,John,2026-10-01T12:23:47.047943-04:00
2026-09-30/013853_554848_periodic.jpg,empty,John,2026-10-01T12:23:47.600107-04:00
2026-09-30/014435_202431_motion.jpg,empty,John,2026-10-01T12:23:49.301832-04:00
2026-09-30/014853_585016_periodic.jpg,empty,John,2026-10-01T12:23:50.119972-04:00
2026-09-30/015853_616595_periodic.jpg,empty,John,2026-10-01T12:23:50.718616-04:00
2026-09-30/020853_647455_periodic.jpg,empty,John,2026-10-01T12:23:51.072866-04:00
2026-09-30/021853_678449_periodic.jpg,empty,John,2026-10-01T12:23:51.537582-04:00
2026-09-30/022853_708549_periodic.jpg,empty,John,2026-10-01T12:23:51.958643-04:00
2026-09-30/023853_739355_periodic.jpg,empty,John,2026-10-01T12:23:52.356523-04:00
2026-09-30/024853_769441_periodic.jpg,empty,John,2026-10-01T12:23:52.688483-04:00
2026-09-30/025853_800527_periodic.jpg,empty,John,2026-10-01T12:23:53.153900-04:00
2026-09-30/030853_830083_periodic.jpg,empty,John,2026-10-01T12:23:53.574764-04:00
2026-09-30/031853_860794_periodic.jpg,empty,John,2026-10-01T12:23:53.951144-04:00
2026-09-30/032853_890904_periodic.jpg,empty,John,2026-10-01T12:23:54.195406-04:00
2026-09-30/033853_921664_periodic.jpg,empty,John,2026-10-01T12:23:54.394861-04:00
2026-09-30/034853_951446_periodic.jpg,empty,John,2026-10-01T12:23:54.615914-04:00
2026-09-30/035853_982630_periodic.jpg,empty,John,2026-10-01T12:23:54.814600-04:00
2026-09-30/040854_012641_periodic.jpg,empty,John,2026-10-01T12:23:55.014453-04:00
2026-09-30/041854_045139_periodic.jpg,empty,John,2026-10-01T12:23:55.191295-04:00
2026-09-30/042854_076029_periodic.jpg,empty,John,2026-10-01T12:23:55.391259-04:00
2026-09-30/043854_107582_periodic.jpg,empty,John,2026-10-01T12:23:55.590587-04:00
2026-09-30/043926_625928_motion.jpg,empty,John,2026-10-01T12:23:55.789537-04:00
2026-09-30/044248_668479_motion.jpg,empty,John,2026-10-01T12:23:55.988588-04:00
2026-09-30/044250_668710_motion.jpg,empty,John,2026-10-01T12:23:56.188690-04:00
2026-09-30/044854_136976_periodic.jpg,empty,John,2026-10-01T12:23:57.705334-04:00
2026-09-30/045854_167156_periodic.jpg,empty,John,2026-10-01T12:23:58.171321-04:00
2026-09-30/050419_421080_motion.jpg,empty,John,2026-10-01T12:23:58.591952-04:00
2026-09-30/050422_420858_motion.jpg,empty,John,2026-10-01T12:23:59.191039-04:00
2026-09-30/050425_784688_motion.jpg,empty,John,2026-10-01T12:23:59.701427-04:00
2026-09-30/050450_873241_motion.jpg,empty,John,2026-10-01T12:24:00.455603-04:00
2026-09-30/050524_291680_motion.jpg,empty,John,2026-10-01T12:24:00.943636-04:00
2026-09-30/050541_017345_motion.jpg,empty,John,2026-10-01T12:24:01.410088-04:00
2026-09-30/050546_881375_motion.jpg,empty,John,2026-10-01T12:24:01.920419-04:00
2026-09-30/050854_197336_periodic.jpg,empty,John,2026-10-01T12:24:02.452647-04:00
2026-09-30/051854_228316_periodic.jpg,empty,John,2026-10-01T12:24:02.873883-04:00
2026-09-30/052854_259819_periodic.jpg,empty,John,2026-10-01T12:24:03.229429-04:00
2026-09-30/053854_291182_periodic.jpg,empty,John,2026-10-01T12:24:03.450788-04:00
2026-09-30/054854_321713_periodic.jpg,empty,John,2026-10-01T12:24:03.650570-04:00
2026-09-30/055854_351575_periodic.jpg,empty,John,2026-10-01T12:24:03.849811-04:00
2026-09-30/060854_382407_periodic.jpg,empty,John,2026-10-01T12:24:04.049796-04:00
2026-09-30/061854_412144_periodic.jpg,empty,John,2026-10-01T12:24:04.227565-04:00
2026-09-30/062854_441971_periodic.jpg,empty,John,2026-10-01T12:24:04.427087-04:00
2026-09-30/063424_959827_motion.jpg,empty,John,2026-10-01T12:24:04.626307-04:00
2026-09-30/063426_992655_motion.jpg,empty,John,2026-10-01T12:24:04.826533-04:00
2026-09-30/063854_472607_periodic.jpg,empty,John,2026-10-01T12:24:05.025851-04:00
2026-09-30/064854_502168_periodic.jpg,empty,John,2026-10-01T12:24:05.225564-04:00
2026-09-30/065854_533033_periodic.jpg,empty,John,2026-10-01T12:24:05.425821-04:00
2026-09-30/070541_085030_motion.jpg,empty,John,2026-10-01T12:24:05.669323-04:00
2026-09-30/070854_566093_periodic.jpg,empty,John,2026-10-01T12:24:05.869512-04:00
2026-09-30/071609_871804_motion.jpg,empty,John,2026-10-01T12:24:06.068366-04:00
2026-09-30/071756_057187_motion.jpg,empty,John,2026-10-01T12:24:06.312475-04:00
2026-09-30/071758_089658_motion.jpg,empty,John,2026-10-01T12:24:06.643331-04:00
2026-09-30/071809_385778_motion.jpg,empty,John,2026-10-01T12:24:06.841476-04:00
2026-09-30/071854_598025_periodic.jpg,empty,John,2026-10-01T12:24:07.061461-04:00
2026-09-30/072028_456669_motion.jpg,empty,John,2026-10-01T12:24:07.261016-04:00
2026-09-30/072119_966042_motion.jpg,empty,John,2026-10-01T12:24:07.457751-04:00
2026-09-30/072121_966293_motion.jpg,empty,John,2026-10-01T12:24:07.656052-04:00
2026-09-30/072123_998912_motion.jpg,empty,John,2026-10-01T12:24:07.854426-04:00
2026-09-30/072126_363415_motion.jpg,empty,John,2026-10-01T12:24:08.053498-04:00
2026-09-30/072136_859649_motion.jpg,empty,John,2026-10-01T12:24:08.273204-04:00
2026-09-30/072150_353619_motion.jpg,empty,John,2026-10-01T12:24:08.449126-04:00
2026-09-30/072208_179168_motion.jpg,empty,John,2026-10-01T12:24:08.690813-04:00
2026-09-30/072515_227768_motion.jpg,empty,John,2026-10-01T12:24:08.866547-04:00
2026-09-30/072517_260771_motion.jpg,empty,John,2026-10-01T12:24:09.065437-04:00
2026-09-30/072536_717818_motion.jpg,empty,John,2026-10-01T12:24:09.306656-04:00
2026-09-30/072538_750154_motion.jpg,empty,John,2026-10-01T12:24:09.483336-04:00
2026-09-30/072608_969923_motion.jpg,empty,John,2026-10-01T12:24:09.703907-04:00
2026-09-30/072611_002854_motion.jpg,empty,John,2026-10-01T12:24:09.967900-04:00
2026-09-30/072613_401814_motion.jpg,empty,John,2026-10-01T12:24:10.231032-04:00
2026-09-30/072654_649342_motion.jpg,empty,John,2026-10-01T12:24:10.430060-04:00
2026-09-30/072656_681874_motion.jpg,empty,John,2026-10-01T12:24:11.024782-04:00
2026-09-30/072854_628975_periodic.jpg,empty,John,2026-10-01T12:24:11.354592-04:00
2026-09-30/073854_658220_periodic.jpg,empty,John,2026-10-01T12:24:11.618959-04:00
2026-09-30/074854_687000_periodic.jpg,empty,John,2026-10-01T12:24:11.927023-04:00
2026-09-30/075854_717217_periodic.jpg,empty,John,2026-10-01T12:24:12.301206-04:00
2026-09-30/080854_747894_periodic.jpg,empty,John,2026-10-01T12:24:12.608727-04:00
2026-09-30/081854_780680_periodic.jpg,empty,John,2026-10-01T12:24:12.806799-04:00
2026-09-30/082854_811700_periodic.jpg,empty,John,2026-10-01T12:24:13.005501-04:00
2026-09-30/083854_843393_periodic.jpg,empty,John,2026-10-01T12:24:13.203605-04:00
2026-09-30/084854_870304_periodic.jpg,empty,John,2026-10-01T12:24:13.401214-04:00
2026-09-30/085854_899516_periodic.jpg,empty,John,2026-10-01T12:24:13.599898-04:00
2026-09-30/090854_928895_periodic.jpg,empty,John,2026-10-01T12:24:13.797427-04:00
2026-09-30/091854_960936_periodic.jpg,empty,John,2026-10-01T12:24:13.995791-04:00
2026-09-30/092854_992844_periodic.jpg,empty,John,2026-10-01T12:24:14.194267-04:00
2026-09-30/093129_490361_motion.jpg,empty,John,2026-10-01T12:24:14.391481-04:00
2026-09-30/093855_024715_periodic.jpg,empty,John,2026-10-01T12:24:14.569098-04:00
2026-09-30/094855_055211_periodic.jpg,empty,John,2026-10-01T12:24:14.767539-04:00
2026-09-30/095855_085799_periodic.jpg,empty,John,2026-10-01T12:24:14.966106-04:00
2026-09-30/100855_115982_periodic.jpg,empty,John,2026-10-01T12:24:15.143425-04:00
2026-09-30/101855_147111_periodic.jpg,empty,John,2026-10-01T12:24:15.364745-04:00
2026-09-30/102449_654221_motion.jpg,empty,John,2026-10-01T12:24:15.519301-04:00
2026-09-30/102451_687132_motion.jpg,empty,John,2026-10-01T12:24:15.697151-04:00
2026-09-30/102453_720678_motion.jpg,empty,John,2026-10-01T12:24:15.895501-04:00
2026-09-30/102855_177365_periodic.jpg,empty,John,2026-10-01T12:24:16.558474-04:00
2026-09-30/102938_824239_motion.jpg,empty,John,2026-10-01T12:24:16.779725-04:00
2026-09-30/102940_857691_motion.jpg,empty,John,2026-10-01T12:24:16.956285-04:00
2026-09-30/102942_889685_motion.jpg,empty,John,2026-10-01T12:24:17.155705-04:00
2026-09-30/103014_341739_motion.jpg,empty,John,2026-10-01T12:24:17.354251-04:00
2026-09-30/103016_374599_motion.jpg,empty,John,2026-10-01T12:24:17.553690-04:00
2026-09-30/103018_407139_motion.jpg,empty,John,2026-10-01T12:24:17.753079-04:00
2026-09-30/103855_208131_periodic.jpg,empty,John,2026-10-01T12:24:17.951646-04:00
2026-09-30/104855_238174_periodic.jpg,empty,John,2026-10-01T12:24:18.150416-04:00
2026-09-30/105855_269537_periodic.jpg,empty,John,2026-10-01T12:24:18.349852-04:00
2026-09-30/110855_300105_periodic.jpg,empty,John,2026-10-01T12:24:18.526684-04:00
2026-09-30/111855_331286_periodic.jpg,empty,John,2026-10-01T12:24:18.681195-04:00
2026-09-30/112855_361615_periodic.jpg,empty,John,2026-10-01T12:24:18.857766-04:00
2026-09-30/113855_391754_periodic.jpg,empty,John,2026-10-01T12:24:19.035519-04:00
2026-09-30/114855_421252_periodic.jpg,empty,John,2026-10-01T12:24:19.211926-04:00
2026-09-30/115855_451949_periodic.jpg,empty,John,2026-10-01T12:24:19.389428-04:00
2026-09-30/120855_481763_periodic.jpg,empty,John,2026-10-01T12:24:19.566129-04:00
2026-09-30/121855_512681_periodic.jpg,empty,John,2026-10-01T12:24:19.764437-04:00
2026-09-30/122855_542486_periodic.jpg,empty,John,2026-10-01T12:24:19.963994-04:00
2026-09-30/123855_573126_periodic.jpg,empty,John,2026-10-01T12:24:20.162406-04:00
2026-09-30/124855_604438_periodic.jpg,empty,John,2026-10-01T12:24:20.339727-04:00
2026-09-30/124904_701021_motion.jpg,empty,John,2026-10-01T12:24:20.538091-04:00
2026-09-30/124906_733643_motion.jpg,empty,John,2026-10-01T12:24:20.737287-04:00
2026-09-30/124908_765582_motion.jpg,empty,John,2026-10-01T12:24:20.958162-04:00
2026-09-30/124910_798098_motion.jpg,empty,John,2026-10-01T12:24:21.290135-04:00
2026-09-30/124912_830453_motion.jpg,empty,John,2026-10-01T12:24:21.489434-04:00
2026-09-30/124950_247016_motion.jpg,empty,John,2026-10-01T12:24:21.666618-04:00
2026-09-30/125039_158100_motion.jpg,empty,John,2026-10-01T12:24:21.865015-04:00
2026-09-30/125041_190872_motion.jpg,empty,John,2026-10-01T12:24:22.064846-04:00
2026-09-30/125126_837085_motion.jpg,empty,John,2026-10-01T12:24:22.285500-04:00
2026-09-30/125226_110331_motion.jpg,empty,John,2026-10-01T12:24:22.461944-04:00
2026-09-30/125228_142421_motion.jpg,empty,John,2026-10-01T12:24:22.662029-04:00
2026-09-30/125342_176595_motion.jpg,empty,John,2026-10-01T12:24:22.861031-04:00
2026-09-30/125509_436972_motion.jpg,empty,John,2026-10-01T12:24:23.060374-04:00
2026-09-30/125516_400678_motion.jpg,empty,John,2026-10-01T12:24:23.258645-04:00
2026-09-30/125518_433216_motion.jpg,empty,John,2026-10-01T12:24:23.459265-04:00
2026-09-30/125522_031516_motion.jpg,empty,John,2026-10-01T12:24:23.657891-04:00
2026-09-30/125530_427803_motion.jpg,empty,John,2026-10-01T12:24:23.879435-04:00
2026-09-30/125624_569874_motion.jpg,empty,John,2026-10-01T12:24:24.079301-04:00
2026-09-30/125641_895932_motion.jpg,empty,John,2026-10-01T12:24:24.300764-04:00
2026-09-30/125643_927986_motion.jpg,empty,John,2026-10-01T12:24:24.544747-04:00
2026-09-30/125712_082569_motion.jpg,empty,John,2026-10-01T12:24:24.766002-04:00
2026-09-30/125728_475194_motion.jpg,empty,John,2026-10-01T12:24:24.964752-04:00
2026-09-30/125855_636006_periodic.jpg,empty,John,2026-10-01T12:24:25.186440-04:00
2026-09-30/130018_498477_motion.jpg,empty,John,2026-10-01T12:24:25.385740-04:00
2026-09-30/130855_666482_periodic.jpg,empty,John,2026-10-01T12:24:25.584508-04:00
2026-09-30/131251_227553_motion.jpg,empty,John,2026-10-01T12:24:25.762252-04:00
2026-09-30/131253_261312_motion.jpg,empty,John,2026-10-01T12:24:25.961291-04:00
2026-09-30/131552_846807_motion.jpg,empty,John,2026-10-01T12:24:26.161390-04:00
2026-09-30/131855_697107_periodic.jpg,empty,John,2026-10-01T12:24:26.360220-04:00
2026-09-30/132030_854548_motion.jpg,empty,John,2026-10-01T12:24:26.560013-04:00
2026-09-30/132032_886648_motion.jpg,empty,John,2026-10-01T12:24:26.781158-04:00
2026-09-30/132855_727273_periodic.jpg,empty,John,2026-10-01T12:24:26.958455-04:00
2026-09-30/133317_076045_motion.jpg,empty,John,2026-10-01T12:24:27.179324-04:00
2026-09-30/133619_694438_motion.jpg,empty,John,2026-10-01T12:24:27.378835-04:00
2026-09-30/133621_726989_motion.jpg,empty,John,2026-10-01T12:24:27.600426-04:00
2026-09-30/133711_637658_motion.jpg,empty,John,2026-10-01T12:24:27.822090-04:00
2026-09-30/133715_235962_motion.jpg,empty,John,2026-10-01T12:24:28.021701-04:00
2026-09-30/133717_268403_motion.jpg,empty,John,2026-10-01T12:24:28.221183-04:00
2026-09-30/133855_757937_periodic.jpg,empty,John,2026-10-01T12:24:28.443046-04:00
2026-09-30/133911_850153_motion.jpg,empty,John,2026-10-01T12:24:28.642368-04:00
2026-09-30/133917_348302_motion.jpg,empty,John,2026-10-01T12:24:28.862991-04:00
2026-09-30/134855_788244_periodic.jpg,empty,John,2026-10-01T12:24:29.062283-04:00
2026-09-30/135855_819382_periodic.jpg,empty,John,2026-10-01T12:24:29.283714-04:00
2026-09-30/140134_048189_motion.jpg,empty,John,2026-10-01T12:24:29.482990-04:00
2026-09-30/140855_849608_periodic.jpg,empty,John,2026-10-01T12:24:30.245590-04:00
2026-09-30/141828_993480_motion.jpg,empty,John,2026-10-01T12:24:30.445064-04:00
2026-09-30/141855_880730_periodic.jpg,empty,John,2026-10-01T12:24:30.644729-04:00
2026-09-30/142658_130124_motion.jpg,empty,John,2026-10-01T12:24:30.843989-04:00
2026-09-30/142855_910023_periodic.jpg,empty,John,2026-10-01T12:24:31.066511-04:00
2026-09-30/143656_094409_motion.jpg,empty,John,2026-10-01T12:24:31.266833-04:00
2026-09-30/143855_940795_periodic.jpg,empty,John,2026-10-01T12:24:31.467501-04:00
2026-09-30/144855_970700_periodic.jpg,empty,John,2026-10-01T12:24:31.668325-04:00
2026-09-30/145539_356272_motion.jpg,empty,John,2026-10-01T12:24:31.869309-04:00
2026-09-30/145856_001452_periodic.jpg,empty,John,2026-10-01T12:24:32.069287-04:00
2026-09-30/150856_030993_periodic.jpg,empty,John,2026-10-01T12:24:32.270614-04:00
2026-09-30/151621_630756_motion.jpg,empty,John,2026-10-01T12:24:32.493817-04:00
2026-09-30/151623_663152_motion.jpg,empty,John,2026-10-01T12:24:32.693340-04:00
2026-09-30/151856_061880_periodic.jpg,empty,John,2026-10-01T12:24:32.939539-04:00
2026-09-30/152856_091481_periodic.jpg,empty,John,2026-10-01T12:24:33.163087-04:00
2026-09-30/153856_122337_periodic.jpg,empty,John,2026-10-01T12:24:33.340607-04:00
2026-09-30/154856_152290_periodic.jpg,empty,John,2026-10-01T12:24:33.519536-04:00
2026-09-30/155856_183056_periodic.jpg,empty,John,2026-10-01T12:24:33.742530-04:00
2026-09-30/160856_214885_periodic.jpg,empty,John,2026-10-01T12:24:33.920380-04:00
2026-09-30/161856_247963_periodic.jpg,empty,John,2026-10-01T12:24:34.098921-04:00
2026-09-30/162856_279258_periodic.jpg,empty,John,2026-10-01T12:24:34.276626-04:00
2026-09-30/163856_310959_periodic.jpg,empty,John,2026-10-01T12:24:34.455271-04:00
2026-09-30/164856_341555_periodic.jpg,empty,John,2026-10-01T12:24:34.611838-04:00
2026-09-30/165856_373175_periodic.jpg,empty,John,2026-10-01T12:24:34.790484-04:00
2026-09-30/170803_594264_motion.jpg,empty,John,2026-10-01T12:24:34.968580-04:00
2026-09-30/170856_404126_periodic.jpg,empty,John,2026-10-01T12:24:35.146378-04:00
2026-09-30/171042_256934_motion.jpg,empty,John,2026-10-01T12:24:35.325278-04:00
2026-09-30/171044_322240_motion.jpg,empty,John,2026-10-01T12:24:35.526312-04:00
2026-09-30/171431_653858_motion.jpg,empty,John,2026-10-01T12:24:35.705061-04:00
2026-09-30/171443_148698_motion.jpg,empty,John,2026-10-01T12:24:35.882227-04:00
2026-09-30/171449_012529_motion.jpg,empty,John,2026-10-01T12:24:36.060736-04:00
2026-09-30/171802_992609_motion.jpg,empty,John,2026-10-01T12:24:36.239720-04:00
2026-09-30/171856_435704_periodic.jpg,empty,John,2026-10-01T12:24:36.417696-04:00
2026-09-30/172446_911389_motion.jpg,empty,John,2026-10-01T12:24:36.752570-04:00
2026-09-30/172856_466187_periodic.jpg,empty,John,2026-10-01T12:24:36.930830-04:00
2026-09-30/173512_897698_motion.jpg,empty,John,2026-10-01T12:24:37.131035-04:00
2026-09-30/173856_497957_periodic.jpg,empty,John,2026-10-01T12:24:37.332385-04:00
2026-09-30/174856_527954_periodic.jpg,empty,John,2026-10-01T12:24:37.533234-04:00
2026-09-30/175403_988469_motion.jpg,empty,John,2026-10-01T12:24:37.733160-04:00
2026-09-30/175450_233811_motion.jpg,empty,John,2026-10-01T12:24:37.956171-04:00
2026-09-30/175812_609622_motion.jpg,empty,John,2026-10-01T12:24:38.157040-04:00
2026-09-30/175856_556659_periodic.jpg,empty,John,2026-10-01T12:24:38.335795-04:00
2026-09-30/180856_586231_periodic.jpg,empty,John,2026-10-01T12:24:38.534283-04:00
2026-09-30/181121_022772_motion.jpg,empty,John,2026-10-01T12:24:38.734108-04:00
2026-09-30/181131_250071_motion.jpg,empty,John,2026-10-01T12:24:38.932938-04:00
2026-09-30/181145_176808_motion.jpg,empty,John,2026-10-01T12:24:39.108127-04:00
2026-09-30/181207_466854_motion.jpg,empty,John,2026-10-01T12:24:39.303473-04:00
2026-09-30/181256_644751_motion.jpg,empty,John,2026-10-01T12:24:39.477651-04:00
2026-09-30/181320_900671_motion.jpg,empty,John,2026-10-01T12:24:39.672751-04:00
2026-09-30/181322_934314_motion.jpg,empty,John,2026-10-01T12:24:39.867534-04:00
2026-09-30/181324_967269_motion.jpg,empty,John,2026-10-01T12:24:40.062181-04:00
2026-09-30/181402_281888_motion.jpg,empty,John,2026-10-01T12:24:40.235999-04:00
2026-09-30/181422_207444_motion.jpg,empty,John,2026-10-01T12:24:40.431411-04:00
2026-09-30/181830_828313_motion.jpg,empty,John,2026-10-01T12:24:40.605112-04:00
2026-09-30/181841_389971_motion.jpg,empty,John,2026-10-01T12:24:40.800008-04:00
2026-09-30/181856_616729_periodic.jpg,empty,John,2026-10-01T12:24:40.973172-04:00
2026-09-30/182116_886896_motion.jpg,empty,John,2026-10-01T12:24:41.146625-04:00
2026-09-30/182135_112760_motion.jpg,empty,John,2026-10-01T12:24:41.320210-04:00
2026-09-30/182856_645145_periodic.jpg,empty,John,2026-10-01T12:24:41.536623-04:00
2026-09-30/183856_674983_periodic.jpg,empty,John,2026-10-01T12:24:41.688571-04:00
2026-09-30/184856_704363_periodic.jpg,empty,John,2026-10-01T12:24:41.884008-04:00
2026-09-30/185415_594463_motion.jpg,empty,John,2026-10-01T12:24:42.078635-04:00
2026-09-30/185417_594740_motion.jpg,empty,John,2026-10-01T12:24:42.274058-04:00
2026-09-30/185421_091725_motion.jpg,empty,John,2026-10-01T12:24:42.447838-04:00
2026-09-30/185432_853832_motion.jpg,empty,John,2026-10-01T12:24:42.642400-04:00
2026-09-30/185443_148727_motion.jpg,empty,John,2026-10-01T12:24:42.838038-04:00
2026-09-30/185451_946028_motion.jpg,empty,John,2026-10-01T12:24:42.989296-04:00
2026-09-30/185658_621170_motion.jpg,empty,John,2026-10-01T12:24:43.165225-04:00
2026-09-30/185706_484325_motion.jpg,empty,John,2026-10-01T12:24:43.364524-04:00
2026-09-30/185856_735455_periodic.jpg,empty,John,2026-10-01T12:24:44.050852-04:00
2026-09-30/190856_766771_periodic.jpg,empty,John,2026-10-01T12:24:44.360526-04:00
2026-09-30/191839_904033_motion.jpg,empty,John,2026-10-01T12:24:44.560076-04:00
2026-09-30/191856_797276_periodic.jpg,empty,John,2026-10-01T12:24:44.758980-04:00
2026-09-30/191915_121942_motion.jpg,empty,John,2026-10-01T12:24:44.958939-04:00
2026-09-30/192101_940964_motion.jpg,empty,John,2026-10-01T12:24:45.157825-04:00
2026-09-30/192103_973365_motion.jpg,empty,John,2026-10-01T12:24:45.358395-04:00
2026-09-30/192403_958885_motion.jpg,empty,John,2026-10-01T12:24:45.557192-04:00
2026-09-30/192444_973713_motion.jpg,empty,John,2026-10-01T12:24:45.734374-04:00
2026-09-30/192451_038099_motion.jpg,empty,John,2026-10-01T12:24:45.933817-04:00
2026-09-30/192856_826020_periodic.jpg,empty,John,2026-10-01T12:24:46.110984-04:00
2026-09-30/193856_858889_periodic.jpg,empty,John,2026-10-01T12:24:46.332147-04:00
2026-09-30/194518_321155_motion.jpg,empty,John,2026-10-01T12:24:46.531384-04:00
2026-09-30/194642_817692_motion.jpg,empty,John,2026-10-01T12:24:46.731374-04:00
2026-09-30/194651_280857_motion.jpg,empty,John,2026-10-01T12:24:46.952079-04:00
2026-09-30/194706_373849_motion.jpg,empty,John,2026-10-01T12:24:47.129003-04:00
2026-09-30/194754_252352_motion.jpg,empty,John,2026-10-01T12:24:47.328835-04:00
2026-09-30/194814_810427_motion.jpg,empty,John,2026-10-01T12:24:47.549399-04:00
2026-09-30/194856_891153_periodic.jpg,empty,John,2026-10-01T12:24:47.749475-04:00
2026-09-30/195402_819425_motion.jpg,empty,John,2026-10-01T12:24:47.948435-04:00
2026-09-30/195856_921380_periodic.jpg,empty,John,2026-10-01T12:24:48.147294-04:00
2026-09-30/200856_951530_periodic.jpg,empty,John,2026-10-01T12:24:48.347196-04:00
2026-09-30/201200_135836_motion.jpg,empty,John,2026-10-01T12:24:48.546196-04:00
2026-09-30/201206_932738_motion.jpg,empty,John,2026-10-01T12:24:48.745863-04:00
2026-09-30/201336_525157_motion.jpg,empty,John,2026-10-01T12:24:48.945437-04:00
2026-09-30/201856_980899_periodic.jpg,empty,John,2026-10-01T12:24:49.144184-04:00
2026-09-30/202857_010807_periodic.jpg,empty,John,2026-10-01T12:24:49.343914-04:00
2026-09-30/203857_041440_periodic.jpg,empty,John,2026-10-01T12:24:49.564419-04:00
2026-09-30/204511_108269_motion.jpg,empty,John,2026-10-01T12:24:49.763966-04:00
2026-09-30/204533_098542_motion.jpg,empty,John,2026-10-01T12:24:49.963342-04:00
2026-09-30/204544_060363_motion.jpg,empty,John,2026-10-01T12:24:50.162887-04:00
2026-09-30/204607_849753_motion.jpg,empty,John,2026-10-01T12:24:50.495123-04:00
2026-09-30/204643_732480_motion.jpg,empty,John,2026-10-01T12:24:50.871443-04:00
2026-09-30/204834_983775_motion.jpg,empty,John,2026-10-01T12:24:51.093005-04:00
2026-09-30/204857_072359_periodic.jpg,empty,John,2026-10-01T12:24:51.292275-04:00
2026-09-30/205231_310859_motion.jpg,empty,John,2026-10-01T12:24:51.513464-04:00
2026-09-30/205723_113109_motion.jpg,empty,John,2026-10-01T12:24:51.756764-04:00
2026-09-30/205725_144912_motion.jpg,empty,John,2026-10-01T12:24:51.978247-04:00
2026-09-30/205857_103550_periodic.jpg,empty,John,2026-10-01T12:24:52.531893-04:00
2026-09-30/210111_644354_motion.jpg,empty,John,2026-10-01T12:24:52.841958-04:00
2026-09-30/210857_134991_periodic.jpg,empty,John,2026-10-01T12:24:53.395297-04:00
2026-09-30/211857_165484_periodic.jpg,empty,John,2026-10-01T12:24:53.771501-04:00
2026-09-30/212857_195938_periodic.jpg,empty,John,2026-10-01T12:25:08.185040-04:00
2026-09-30/213857_226922_periodic.jpg,empty,John,2026-10-01T12:25:08.608893-04:00
2026-09-30/214857_256852_periodic.jpg,empty,John,2026-10-01T12:25:08.966469-04:00
2026-09-30/215748_185274_motion.jpg,empty,John,2026-10-01T12:25:09.279015-04:00
2026-09-30/215803_112422_motion.jpg,empty,John,2026-10-01T12:25:09.568299-04:00
2026-09-30/215857_121084_motion.jpg,empty,John,2026-10-01T12:25:09.812191-04:00
2026-09-30/215857_288031_periodic.jpg,empty,John,2026-10-01T12:25:10.010479-04:00
2026-09-30/220857_317024_periodic.jpg,empty,John,2026-10-01T12:25:10.232532-04:00
2026-09-30/221857_347613_periodic.jpg,empty,John,2026-10-01T12:25:10.409109-04:00
2026-09-30/222857_378951_periodic.jpg,empty,John,2026-10-01T12:25:10.609007-04:00
2026-09-30/223857_410707_periodic.jpg,empty,John,2026-10-01T12:25:10.807845-04:00
2026-09-30/224857_440905_periodic.jpg,empty,John,2026-10-01T12:25:11.007780-04:00
2026-09-30/225857_471595_periodic.jpg,empty,John,2026-10-01T12:25:11.206595-04:00
2026-09-30/230857_501139_periodic.jpg,empty,John,2026-10-01T12:25:11.384437-04:00
2026-09-30/231613_007083_motion.jpg,empty,John,2026-10-01T12:25:11.584031-04:00
2026-09-30/231857_531516_periodic.jpg,empty,John,2026-10-01T12:25:11.781682-04:00
2026-09-30/232500_368750_motion.jpg,empty,John,2026-10-01T12:25:11.981057-04:00
2026-09-30/232857_561814_periodic.jpg,empty,John,2026-10-01T12:25:12.158578-04:00
2026-09-30/233857_594379_periodic.jpg,empty,John,2026-10-01T12:25:12.356525-04:00
2026-09-30/234857_625985_periodic.jpg,empty,John,2026-10-01T12:25:12.532979-04:00
2026-09-30/234959_065089_motion.jpg,empty,John,2026-10-01T12:25:12.731413-04:00
2026-09-30/235015_191545_motion.jpg,empty,John,2026-10-01T12:25:12.908294-04:00
2026-09-30/235857_656267_periodic.jpg,empty,John,2026-10-01T12:25:13.085631-04:00
2026-10-01/000857_685650_periodic.jpg,empty,John,2026-10-01T12:25:13.284115-04:00
2026-10-01/001857_715742_periodic.jpg,empty,John,2026-10-01T12:25:13.460202-04:00
2026-10-01/002857_745712_periodic.jpg,empty,John,2026-10-01T12:25:13.659460-04:00
2026-10-01/003857_776718_periodic.jpg,empty,John,2026-10-01T12:25:13.858383-04:00
2026-10-01/004857_808203_periodic.jpg,empty,John,2026-10-01T12:25:14.057003-04:00
2026-10-01/005857_839861_periodic.jpg,empty,John,2026-10-01T12:25:14.234451-04:00
2026-10-01/010857_870432_periodic.jpg,empty,John,2026-10-01T12:25:14.432926-04:00
2026-10-01/011857_900980_periodic.jpg,empty,John,2026-10-01T12:25:14.631890-04:00
2026-10-01/012857_931010_periodic.jpg,empty,John,2026-10-01T12:25:14.830411-04:00
2026-10-01/013857_961972_periodic.jpg,empty,John,2026-10-01T12:25:15.006357-04:00
2026-10-01/014857_991556_periodic.jpg,empty,John,2026-10-01T12:25:15.205916-04:00
2026-10-01/015858_021264_periodic.jpg,empty,John,2026-10-01T12:25:15.381822-04:00
2026-10-01/020858_050750_periodic.jpg,empty,John,2026-10-01T12:25:15.581452-04:00
2026-10-01/021858_081315_periodic.jpg,empty,John,2026-10-01T12:25:15.779379-04:00
2026-10-01/022858_113734_periodic.jpg,empty,John,2026-10-01T12:25:15.978841-04:00
2026-10-01/023858_145417_periodic.jpg,empty,John,2026-10-01T12:25:16.155169-04:00
2026-10-01/024858_175981_periodic.jpg,empty,John,2026-10-01T12:25:16.354715-04:00
2026-10-01/025858_206796_periodic.jpg,empty,John,2026-10-01T12:25:16.531034-04:00
2026-10-01/030858_234829_periodic.jpg,empty,John,2026-10-01T12:25:16.729512-04:00
2026-10-01/031858_264964_periodic.jpg,empty,John,2026-10-01T12:25:16.928493-04:00
2026-10-01/032858_295311_periodic.jpg,empty,John,2026-10-01T12:25:17.104475-04:00
2026-10-01/033858_328083_periodic.jpg,empty,John,2026-10-01T12:25:17.304020-04:00
2026-10-01/034858_359219_periodic.jpg,empty,John,2026-10-01T12:25:17.480799-04:00
2026-10-01/035858_391852_periodic.jpg,empty,John,2026-10-01T12:25:17.657386-04:00
2026-10-01/040858_421298_periodic.jpg,empty,John,2026-10-01T12:25:17.855576-04:00
2026-10-01/041858_452723_periodic.jpg,empty,John,2026-10-01T12:25:18.032125-04:00
2026-10-01/042858_483113_periodic.jpg,empty,John,2026-10-01T12:25:18.209301-04:00
2026-10-01/043858_513667_periodic.jpg,empty,John,2026-10-01T12:25:18.408806-04:00
2026-10-01/044858_542838_periodic.jpg,empty,John,2026-10-01T12:25:18.585318-04:00
2026-10-01/045858_573513_periodic.jpg,empty,John,2026-10-01T12:25:18.762227-04:00
2026-10-01/050604_815216_motion.jpg,empty,John,2026-10-01T12:25:18.939125-04:00
2026-10-01/050606_848928_motion.jpg,empty,John,2026-10-01T12:25:19.114845-04:00
2026-10-01/050712_352008_motion.jpg,empty,John,2026-10-01T12:25:19.689195-04:00
2026-10-01/050716_516427_motion.jpg,empty,John,2026-10-01T12:25:20.039076-04:00
2026-10-01/050743_171017_motion.jpg,empty,John,2026-10-01T12:25:20.237223-04:00
2026-10-01/050747_269259_motion.jpg,empty,John,2026-10-01T12:25:20.434200-04:00
2026-10-01/050750_401130_motion.jpg,empty,John,2026-10-01T12:25:20.631423-04:00
2026-10-01/050752_466851_motion.jpg,empty,John,2026-10-01T12:25:20.806561-04:00
2026-10-01/050858_603769_periodic.jpg,empty,John,2026-10-01T12:25:21.003889-04:00
2026-10-01/051858_632434_periodic.jpg,empty,John,2026-10-01T12:25:21.200556-04:00
2026-10-01/052858_661719_periodic.jpg,empty,John,2026-10-01T12:25:21.375778-04:00
2026-10-01/053858_692024_periodic.jpg,empty,John,2026-10-01T12:25:21.595526-04:00
2026-10-01/054604_767343_motion.jpg,empty,John,2026-10-01T12:25:21.770339-04:00
2026-10-01/054606_801039_motion.jpg,empty,John,2026-10-01T12:25:21.945527-04:00
2026-10-01/054619_994199_motion.jpg,empty,John,2026-10-01T12:25:22.142836-04:00
2026-10-01/054858_722955_periodic.jpg,empty,John,2026-10-01T12:25:22.319363-04:00
2026-10-01/055858_723307_periodic.jpg,empty,John,2026-10-01T12:25:22.516342-04:00
2026-10-01/060858_753658_periodic.jpg,empty,John,2026-10-01T12:25:22.713200-04:00
2026-10-01/061858_785033_periodic.jpg,empty,John,2026-10-01T12:25:22.909999-04:00
2026-10-01/062858_814096_periodic.jpg,empty,John,2026-10-01T12:25:23.107250-04:00
2026-10-01/063858_844915_periodic.jpg,empty,John,2026-10-01T12:25:23.305123-04:00
2026-10-01/064858_875718_periodic.jpg,empty,John,2026-10-01T12:25:23.502070-04:00
2026-10-01/065858_905947_periodic.jpg,empty,John,2026-10-01T12:25:23.699556-04:00
2026-10-01/070241_439697_motion.jpg,empty,John,2026-10-01T12:25:23.896238-04:00
2026-10-01/070243_440177_motion.jpg,empty,John,2026-10-01T12:25:24.072197-04:00
2026-10-01/070353_140587_motion.jpg,empty,John,2026-10-01T12:25:24.269277-04:00
2026-10-01/070355_172681_motion.jpg,empty,John,2026-10-01T12:25:24.642232-04:00
2026-10-01/070444_917225_motion.jpg,empty,John,2026-10-01T12:25:24.907879-04:00
2026-10-01/070505_542419_motion.jpg,empty,John,2026-10-01T12:25:25.195610-04:00
2026-10-01/070507_575426_motion.jpg,empty,John,2026-10-01T12:25:25.395058-04:00
2026-10-01/070510_172997_motion.jpg,empty,John,2026-10-01T12:25:25.593923-04:00
2026-10-01/070526_366744_motion.jpg,empty,John,2026-10-01T12:25:26.170181-04:00
2026-10-01/070530_797824_motion.jpg,empty,John,2026-10-01T12:25:26.524977-04:00
2026-10-01/070852_439470_motion.jpg,empty,John,2026-10-01T12:25:27.056138-04:00
2026-10-01/070854_571970_motion.jpg,empty,John,2026-10-01T12:25:27.298980-04:00
2026-10-01/070858_936534_periodic.jpg,empty,John,2026-10-01T12:25:27.653965-04:00
2026-10-01/071858_967140_periodic.jpg,empty,John,2026-10-01T12:25:27.875597-04:00
2026-10-01/072858_997554_periodic.jpg,empty,John,2026-10-01T12:25:28.096465-04:00
2026-10-01/073859_028312_periodic.jpg,empty,John,2026-10-01T12:25:28.450582-04:00
2026-10-01/074859_059171_periodic.jpg,empty,John,2026-10-01T12:25:28.783061-04:00
2026-10-01/075859_089667_periodic.jpg,empty,John,2026-10-01T12:25:29.026675-04:00
2026-10-01/080859_119655_periodic.jpg,empty,John,2026-10-01T12:25:29.537303-04:00
2026-10-01/081859_150009_periodic.jpg,empty,John,2026-10-01T12:25:30.377458-04:00
2026-10-01/082719_758848_motion.jpg,empty,John,2026-10-01T12:25:30.555009-04:00
2026-10-01/082859_180521_periodic.jpg,empty,John,2026-10-01T12:25:30.776999-04:00
2026-10-01/083859_211316_periodic.jpg,empty,John,2026-10-01T12:25:30.975794-04:00
2026-10-01/084859_242672_periodic.jpg,empty,John,2026-10-01T12:25:31.152903-04:00
2026-10-01/085859_273252_periodic.jpg,empty,John,2026-10-01T12:25:31.329749-04:00
2026-10-01/090859_303892_periodic.jpg,empty,John,2026-10-01T12:25:31.507301-04:00
2026-10-01/091859_335951_periodic.jpg,empty,John,2026-10-01T12:25:31.706486-04:00
2026-10-01/092859_367444_periodic.jpg,empty,John,2026-10-01T12:25:31.884312-04:00
2026-10-01/093859_398308_periodic.jpg,empty,John,2026-10-01T12:25:32.083767-04:00
2026-10-01/094859_427121_periodic.jpg,empty,John,2026-10-01T12:25:32.260308-04:00
2026-10-01/095859_456148_periodic.jpg,empty,John,2026-10-01T12:25:32.459820-04:00
2026-10-01/100859_486116_periodic.jpg,empty,John,2026-10-01T12:25:32.637420-04:00
2026-10-01/101859_516777_periodic.jpg,empty,John,2026-10-01T12:25:32.813996-04:00
2026-10-01/102859_548205_periodic.jpg,empty,John,2026-10-01T12:25:33.013779-04:00
2026-10-01/103859_579185_periodic.jpg,empty,John,2026-10-01T12:25:33.213158-04:00
2026-10-01/104859_609764_periodic.jpg,empty,John,2026-10-01T12:25:33.412002-04:00
2026-10-01/105859_641178_periodic.jpg,empty,John,2026-10-01T12:25:33.589571-04:00
2026-10-01/110859_672496_periodic.jpg,empty,John,2026-10-01T12:25:33.789306-04:00
2026-10-01/111859_703311_periodic.jpg,empty,John,2026-10-01T12:25:33.987994-04:00
2026-10-01/112003_774724_motion.jpg,empty,John,2026-10-01T12:25:34.187471-04:00
2026-10-01/112005_808067_motion.jpg,empty,John,2026-10-01T12:25:34.386487-04:00
2026-10-01/112007_841115_motion.jpg,empty,John,2026-10-01T12:25:34.586874-04:00
2026-10-01/112009_872692_motion.jpg,empty,John,2026-10-01T12:25:35.745065-04:00
2026-10-01/112024_398970_motion.jpg,empty,John,2026-10-01T12:25:35.966326-04:00
2026-10-01/112859_733697_periodic.jpg,empty,John,2026-10-01T12:25:36.165708-04:00
2026-10-01/113024_528561_motion.jpg,empty,John,2026-10-01T12:25:36.388887-04:00
2026-10-01/113131_531850_motion.jpg,empty,John,2026-10-01T12:25:36.590603-04:00
2026-10-01/113408_827568_motion.jpg,empty,John,2026-10-01T12:25:36.813946-04:00
2026-10-01/113410_860058_motion.jpg,empty,John,2026-10-01T12:25:36.992716-04:00
2026-10-01/113412_892359_motion.jpg,empty,John,2026-10-01T12:25:37.193820-04:00
2026-10-01/113414_925144_motion.jpg,empty,John,2026-10-01T12:25:37.416375-04:00
2026-10-01/113410_860058_motion.jpg,empty,John,2026-10-01T12:25:41.302783-04:00
2026-10-01/113412_892359_motion.jpg,orange_patch_cat,John,2026-10-01T12:25:41.770830-04:00
2026-10-01/113414_925144_motion.jpg,orange_patch_cat,John,2026-10-01T12:25:42.391519-04:00
2026-10-01/113416_957203_motion.jpg,orange_patch_cat,John,2026-10-01T12:25:43.055808-04:00
2026-10-01/113418_989624_motion.jpg,empty,John,2026-10-01T12:25:44.184487-04:00
2026-10-01/113421_022058_motion.jpg,empty,John,2026-10-01T12:25:44.471805-04:00
2026-10-01/113433_283236_motion.jpg,empty,John,2026-10-01T12:25:44.802443-04:00
2026-10-01/113648_988454_motion.jpg,empty,John,2026-10-01T12:25:45.132970-04:00
2026-10-01/113651_021013_motion.jpg,empty,John,2026-10-01T12:25:45.420563-04:00
2026-10-01/113751_327152_motion.jpg,empty,John,2026-10-01T12:25:45.707352-04:00
2026-10-01/113818_247939_motion.jpg,empty,John,2026-10-01T12:25:46.016349-04:00
2026-10-01/113859_762936_periodic.jpg,empty,John,2026-10-01T12:25:46.303093-04:00
2026-10-01/114859_792990_periodic.jpg,empty,John,2026-10-01T12:25:46.568177-04:00
2026-10-01/115859_823274_periodic.jpg,empty,John,2026-10-01T12:25:46.854285-04:00
2026-10-01/120103_568212_motion.jpg,empty,John,2026-10-01T12:25:47.119738-04:00
2026-10-01/120323_005949_motion.jpg,empty,John,2026-10-01T12:25:47.384405-04:00
2026-10-01/120325_039021_motion.jpg,empty,John,2026-10-01T12:25:47.649714-04:00
2026-10-01/120327_071536_motion.jpg,empty,John,2026-10-01T12:25:48.223166-04:00
2026-10-01/120329_103949_motion.jpg,empty,John,2026-10-01T12:25:48.510216-04:00
